NORP,Count,Network,Year
chinese,2543,CNBC,2024
american,2279,CNBC,2024
european,1527,CNBC,2024
americans,1015,CNBC,2024
republicans,686,CNBC,2024
democrats,561,CNBC,2024
republican,511,CNBC,2024
french,458,CNBC,2024
russian,408,CNBC,2024
german,394,CNBC,2024
japanese,354,CNBC,2024
israeli,329,CNBC,2024
iranian,227,CNBC,2024
creepy,196,CNBC,2024
canadian,181,CNBC,2024
british,171,CNBC,2024
asian,170,CNBC,2024
democrat,136,CNBC,2024
jewish,116,CNBC,2024
italian,112,CNBC,2024
swiss,108,CNBC,2024
dutch,108,CNBC,2024
palestinian,97,CNBC,2024
palestinians,96,CNBC,2024
ferrari,96,CNBC,2024
israelis,95,CNBC,2024
norwegian,83,CNBC,2024
democratic,83,CNBC,2024
indian,81,CNBC,2024
russians,81,CNBC,2024
north american,78,CNBC,2024
spanish,72,CNBC,2024
europeans,72,CNBC,2024
iranians,70,CNBC,2024
saudi,68,CNBC,2024
thai,56,CNBC,2024
dovish,47,CNBC,2024
christian,47,CNBC,2024
permian,43,CNBC,2024
arab,41,CNBC,2024
mexican,40,CNBC,2024
taiwanese,39,CNBC,2024
jews,37,CNBC,2024
australian,37,CNBC,2024
obese,36,CNBC,2024
swedish,32,CNBC,2024
sean,30,CNBC,2024
african,28,CNBC,2024
hawaiian,26,CNBC,2024
portuguese,26,CNBC,2024
russian,8575,CNBC,2022
american,5221,CNBC,2022
chinese,4414,CNBC,2022
americans,2928,CNBC,2022
european,2301,CNBC,2022
democrats,2227,CNBC,2022
republicans,2031,CNBC,2022
russians,1874,CNBC,2022
republican,1526,CNBC,2022
british,731,CNBC,2022
german,724,CNBC,2022
french,536,CNBC,2022
democrat,383,CNBC,2022
democratic,357,CNBC,2022
japanese,352,CNBC,2022
asian,348,CNBC,2022
ukrainian,292,CNBC,2022
italian,285,CNBC,2022
norwegian,283,CNBC,2022
saudi,281,CNBC,2022
dutch,272,CNBC,2022
europeans,259,CNBC,2022
canadian,251,CNBC,2022
hispanic,221,CNBC,2022
iranian,217,CNBC,2022
ian,203,CNBC,2022
swiss,155,CNBC,2022
cuban,153,CNBC,2022
soviet,138,CNBC,2022
christian,133,CNBC,2022
spanish,129,CNBC,2022
australian,126,CNBC,2022
north american,118,CNBC,2022
germans,116,CNBC,2022
dovish,114,CNBC,2022
jurassic,111,CNBC,2022
afghan,106,CNBC,2022
mexican,105,CNBC,2022
israeli,104,CNBC,2022
polish,104,CNBC,2022
jd.com,100,CNBC,2022
ferrari,96,CNBC,2022
permian,87,CNBC,2022
indian,80,CNBC,2022
afghans,74,CNBC,2022
jewish,71,CNBC,2022
q3,66,CNBC,2022
sean,65,CNBC,2022
wean,65,CNBC,2022
marriott,63,CNBC,2022
chinese,6259,CNBC,2015
european,5667,CNBC,2015
american,4850,CNBC,2015
greek,4664,CNBC,2015
german,2491,CNBC,2015
republican,1989,CNBC,2015
americans,1887,CNBC,2015
french,1883,CNBC,2015
russian,1439,CNBC,2015
republicans,1381,CNBC,2015
democrats,938,CNBC,2015
japanese,878,CNBC,2015
asian,750,CNBC,2015
canadian,629,CNBC,2015
swiss,615,CNBC,2015
italian,557,CNBC,2015
british,544,CNBC,2015
iranian,495,CNBC,2015
germans,487,CNBC,2015
islamic,408,CNBC,2015
cuban,400,CNBC,2015
russians,391,CNBC,2015
saudi,380,CNBC,2015
europeans,353,CNBC,2015
spanish,329,CNBC,2015
dutch,314,CNBC,2015
clinicians,310,CNBC,2015
indian,286,CNBC,2015
north american,286,CNBC,2015
ferrari,278,CNBC,2015
syrian,272,CNBC,2015
democrat,266,CNBC,2015
mexican,265,CNBC,2015
democratic,246,CNBC,2015
israeli,242,CNBC,2015
iraqi,199,CNBC,2015
brazilian,198,CNBC,2015
iranians,179,CNBC,2015
experian,160,CNBC,2015
australian,156,CNBC,2015
irish,150,CNBC,2015
arab,150,CNBC,2015
muslims,149,CNBC,2015
dovish,145,CNBC,2015
xc60,145,CNBC,2015
muslim,139,CNBC,2015
swedish,124,CNBC,2015
turkish,110,CNBC,2015
christian,109,CNBC,2015
ian,106,CNBC,2015
chinese,10615,CNBC,2019
american,5811,CNBC,2019
european,3844,CNBC,2019
democrats,3106,CNBC,2019
americans,1654,CNBC,2019
german,1513,CNBC,2019
republicans,1325,CNBC,2019
british,1074,CNBC,2019
french,1015,CNBC,2019
republican,812,CNBC,2019
italian,701,CNBC,2019
japanese,693,CNBC,2019
iranian,608,CNBC,2019
asian,582,CNBC,2019
democrat,578,CNBC,2019
saudi,556,CNBC,2019
democratic,514,CNBC,2019
russian,507,CNBC,2019
dutch,495,CNBC,2019
mexican,414,CNBC,2019
canadian,387,CNBC,2019
europeans,321,CNBC,2019
cme,289,CNBC,2019
russians,233,CNBC,2019
north american,229,CNBC,2019
irish,206,CNBC,2019
iranians,176,CNBC,2019
permian,173,CNBC,2019
ethiopian,165,CNBC,2019
swiss,151,CNBC,2019
north korean,146,CNBC,2019
sean,139,CNBC,2019
spanish,136,CNBC,2019
dovish,125,CNBC,2019
australian,123,CNBC,2019
norwegian,119,CNBC,2019
israeli,118,CNBC,2019
germans,118,CNBC,2019
greek,110,CNBC,2019
christian,109,CNBC,2019
indian,107,CNBC,2019
african,105,CNBC,2019
ian,103,CNBC,2019
african-american,96,CNBC,2019
jean,95,CNBC,2019
english,87,CNBC,2019
note10,87,CNBC,2019
turkish,77,CNBC,2019
south korean,77,CNBC,2019
brazilian,71,CNBC,2019
american,6067,CNBC,2016
european,5512,CNBC,2016
chinese,4619,CNBC,2016
republican,4110,CNBC,2016
republicans,3124,CNBC,2016
americans,2434,CNBC,2016
democrats,2235,CNBC,2016
british,1880,CNBC,2016
japanese,1815,CNBC,2016
german,1684,CNBC,2016
italian,1452,CNBC,2016
french,1225,CNBC,2016
russian,1115,CNBC,2016
asian,739,CNBC,2016
democratic,701,CNBC,2016
democrat,670,CNBC,2016
mexican,612,CNBC,2016
cuban,533,CNBC,2016
saudi,498,CNBC,2016
canadian,468,CNBC,2016
russians,439,CNBC,2016
islamic,338,CNBC,2016
iranian,329,CNBC,2016
iranians,311,CNBC,2016
greek,264,CNBC,2016
syrian,258,CNBC,2016
swiss,248,CNBC,2016
north american,247,CNBC,2016
europeans,246,CNBC,2016
spanish,235,CNBC,2016
irish,227,CNBC,2016
brazilian,221,CNBC,2016
muslims,201,CNBC,2016
belgian,199,CNBC,2016
muslim,197,CNBC,2016
dutch,195,CNBC,2016
clinicians,175,CNBC,2016
african-american,168,CNBC,2016
sean,167,CNBC,2016
iraqi,156,CNBC,2016
indian,155,CNBC,2016
israeli,153,CNBC,2016
germans,145,CNBC,2016
turkish,145,CNBC,2016
australian,140,CNBC,2016
egyptian,139,CNBC,2016
cme,133,CNBC,2016
christian,130,CNBC,2016
ian,128,CNBC,2016
hispanic,121,CNBC,2016
american,5562,CNBC,2014
european,4868,CNBC,2014
chinese,4136,CNBC,2014
russian,4085,CNBC,2014
americans,2299,CNBC,2014
german,2180,CNBC,2014
republicans,1908,CNBC,2014
french,1797,CNBC,2014
japanese,1349,CNBC,2014
democrats,1150,CNBC,2014
republican,1143,CNBC,2014
russians,986,CNBC,2014
italian,861,CNBC,2014
british,826,CNBC,2014
asian,692,CNBC,2014
iraqi,642,CNBC,2014
canadian,611,CNBC,2014
spanish,567,CNBC,2014
malaysian,504,CNBC,2014
israeli,460,CNBC,2014
greek,378,CNBC,2014
australian,351,CNBC,2014
europeans,351,CNBC,2014
north american,338,CNBC,2014
indian,322,CNBC,2014
democrat,299,CNBC,2014
dutch,298,CNBC,2014
mexican,296,CNBC,2014
germans,282,CNBC,2014
cuban,278,CNBC,2014
islamic,253,CNBC,2014
scottish,236,CNBC,2014
swiss,217,CNBC,2014
brazilian,202,CNBC,2014
pro-russian,202,CNBC,2014
sunni,198,CNBC,2014
irish,196,CNBC,2014
democratic,183,CNBC,2014
saudi,181,CNBC,2014
portuguese,181,CNBC,2014
iranian,180,CNBC,2014
israelis,174,CNBC,2014
egyptian,166,CNBC,2014
db,156,CNBC,2014
experian,151,CNBC,2014
kurds,146,CNBC,2014
ian,146,CNBC,2014
palestinians,145,CNBC,2014
kurdish,142,CNBC,2014
syrian,125,CNBC,2014
american,6385,CNBC,2012
european,6290,CNBC,2012
republicans,4476,CNBC,2012
spanish,3934,CNBC,2012
chinese,3706,CNBC,2012
americans,3594,CNBC,2012
greek,3080,CNBC,2012
republican,3031,CNBC,2012
democrats,2813,CNBC,2012
german,2216,CNBC,2012
italian,1526,CNBC,2012
french,1430,CNBC,2012
japanese,1285,CNBC,2012
asian,951,CNBC,2012
germans,699,CNBC,2012
british,675,CNBC,2012
democrat,638,CNBC,2012
australian,513,CNBC,2012
europeans,495,CNBC,2012
canadian,475,CNBC,2012
democratic,415,CNBC,2012
dutch,375,CNBC,2012
iranian,364,CNBC,2012
russian,352,CNBC,2012
north american,273,CNBC,2012
israeli,271,CNBC,2012
indian,260,CNBC,2012
mexican,236,CNBC,2012
sean,221,CNBC,2012
swiss,210,CNBC,2012
cme,179,CNBC,2012
aig,150,CNBC,2012
iranians,144,CNBC,2012
irish,143,CNBC,2012
saudi,140,CNBC,2012
brazilian,139,CNBC,2012
arab,133,CNBC,2012
african,126,CNBC,2012
israelis,125,CNBC,2012
portuguese,121,CNBC,2012
prevacid24hr,120,CNBC,2012
russians,116,CNBC,2012
italians,108,CNBC,2012
korean,108,CNBC,2012
egyptian,108,CNBC,2012
hispanic,107,CNBC,2012
south korean,91,CNBC,2012
ian,83,CNBC,2012
muslim,82,CNBC,2012
cuban,81,CNBC,2012
american,6634,CNBC,2020
chinese,5222,CNBC,2020
americans,4609,CNBC,2020
democrats,3848,CNBC,2020
republicans,2953,CNBC,2020
european,2313,CNBC,2020
republican,1686,CNBC,2020
french,987,CNBC,2020
german,973,CNBC,2020
british,724,CNBC,2020
democrat,636,CNBC,2020
democratic,628,CNBC,2020
sean,575,CNBC,2020
japanese,553,CNBC,2020
asian,529,CNBC,2020
iranian,488,CNBC,2020
italian,451,CNBC,2020
norwegian,435,CNBC,2020
russians,359,CNBC,2020
russian,324,CNBC,2020
african-american,296,CNBC,2020
spanish,259,CNBC,2020
greek,233,CNBC,2020
saudi,231,CNBC,2020
african-americans,207,CNBC,2020
canadian,175,CNBC,2020
iranians,169,CNBC,2020
europeans,159,CNBC,2020
cuban,154,CNBC,2020
hispanic,136,CNBC,2020
north american,128,CNBC,2020
dutch,111,CNBC,2020
ian,106,CNBC,2020
christian,105,CNBC,2020
swiss,105,CNBC,2020
iraqi,104,CNBC,2020
australian,101,CNBC,2020
lebanese,98,CNBC,2020
adrian,94,CNBC,2020
mexican,90,CNBC,2020
african,88,CNBC,2020
germans,82,CNBC,2020
reese,76,CNBC,2020
marriott,73,CNBC,2020
israeli,66,CNBC,2020
indian,65,CNBC,2020
permian,65,CNBC,2020
hawaiian,63,CNBC,2020
laggards,59,CNBC,2020
irish,59,CNBC,2020
chinese,5531,CNBC,2023
american,4297,CNBC,2023
european,2751,CNBC,2023
republicans,2522,CNBC,2023
americans,1840,CNBC,2023
democrats,1619,CNBC,2023
republican,1204,CNBC,2023
russian,995,CNBC,2023
german,794,CNBC,2023
israeli,688,CNBC,2023
french,537,CNBC,2023
japanese,525,CNBC,2023
asian,467,CNBC,2023
saudi,348,CNBC,2023
swiss,333,CNBC,2023
sean,317,CNBC,2023
italian,313,CNBC,2023
spanish,279,CNBC,2023
democrat,265,CNBC,2023
canadian,264,CNBC,2023
british,262,CNBC,2023
creepy,237,CNBC,2023
palestinians,233,CNBC,2023
palestinian,228,CNBC,2023
jewish,213,CNBC,2023
israelis,203,CNBC,2023
russians,178,CNBC,2023
dutch,176,CNBC,2023
north american,168,CNBC,2023
iranian,167,CNBC,2023
indian,162,CNBC,2023
hispanic,161,CNBC,2023
democratic,157,CNBC,2023
hawaiian,152,CNBC,2023
norwegian,141,CNBC,2023
europeans,131,CNBC,2023
permian,125,CNBC,2023
mexican,117,CNBC,2023
dovish,112,CNBC,2023
arab,98,CNBC,2023
australian,97,CNBC,2023
jews,94,CNBC,2023
ferrari,94,CNBC,2023
christian,84,CNBC,2023
taiwanese,81,CNBC,2023
q3,75,CNBC,2023
african,72,CNBC,2023
ian,71,CNBC,2023
laggards,65,CNBC,2023
cuban,58,CNBC,2023
chinese,8913,CNBC,2018
american,5862,CNBC,2018
european,4260,CNBC,2018
democrats,2844,CNBC,2018
republicans,2094,CNBC,2018
americans,1659,CNBC,2018
italian,1572,CNBC,2018
russian,1399,CNBC,2018
german,1309,CNBC,2018
republican,1191,CNBC,2018
british,1063,CNBC,2018
canadian,970,CNBC,2018
french,936,CNBC,2018
saudi,923,CNBC,2018
iranian,810,CNBC,2018
japanese,744,CNBC,2018
asian,639,CNBC,2018
russians,573,CNBC,2018
north korean,535,CNBC,2018
democrat,480,CNBC,2018
europeans,437,CNBC,2018
mexican,421,CNBC,2018
korean,388,CNBC,2018
north american,282,CNBC,2018
cme,263,CNBC,2018
democratic,238,CNBC,2018
south korean,231,CNBC,2018
iranians,211,CNBC,2018
north koreans,201,CNBC,2018
koreans,193,CNBC,2018
turkish,183,CNBC,2018
dutch,182,CNBC,2018
spanish,179,CNBC,2018
jean,163,CNBC,2018
australian,152,CNBC,2018
irish,148,CNBC,2018
israeli,146,CNBC,2018
swiss,135,CNBC,2018
syrian,135,CNBC,2018
indian,134,CNBC,2018
germans,129,CNBC,2018
ultra-max,125,CNBC,2018
italians,123,CNBC,2018
permian,121,CNBC,2018
sean,121,CNBC,2018
norwegian,119,CNBC,2018
canadians,115,CNBC,2018
ian,114,CNBC,2018
african-american,114,CNBC,2018
brazilian,92,CNBC,2018
american,6815,CNBC,2013
european,4620,CNBC,2013
republicans,4576,CNBC,2013
chinese,4135,CNBC,2013
americans,3013,CNBC,2013
democrats,2633,CNBC,2013
japanese,2399,CNBC,2013
republican,1975,CNBC,2013
german,1789,CNBC,2013
italian,1690,CNBC,2013
french,1437,CNBC,2013
spanish,1056,CNBC,2013
asian,1036,CNBC,2013
british,1031,CNBC,2013
russian,922,CNBC,2013
syrian,565,CNBC,2013
canadian,501,CNBC,2013
democrat,494,CNBC,2013
russians,490,CNBC,2013
peruvian,490,CNBC,2013
greek,478,CNBC,2013
north american,433,CNBC,2013
australian,417,CNBC,2013
indian,373,CNBC,2013
democratic,357,CNBC,2013
germans,279,CNBC,2013
europeans,279,CNBC,2013
muslim,278,CNBC,2013
egyptian,278,CNBC,2013
swiss,275,CNBC,2013
mexican,234,CNBC,2013
dutch,217,CNBC,2013
aig,210,CNBC,2013
iranian,208,CNBC,2013
irish,183,CNBC,2013
brazilian,157,CNBC,2013
sean,157,CNBC,2013
arab,156,CNBC,2013
korean,154,CNBC,2013
israeli,152,CNBC,2013
cme,144,CNBC,2013
christian,142,CNBC,2013
norwegian,139,CNBC,2013
south korean,132,CNBC,2013
portuguese,127,CNBC,2013
thai,108,CNBC,2013
italians,107,CNBC,2013
iranians,106,CNBC,2013
english,102,CNBC,2013
ferrari,101,CNBC,2013
american,7509,CNBC,2017
republicans,5664,CNBC,2017
european,4114,CNBC,2017
democrats,3866,CNBC,2017
chinese,3369,CNBC,2017
republican,3296,CNBC,2017
americans,2549,CNBC,2017
russian,2123,CNBC,2017
french,2068,CNBC,2017
german,1645,CNBC,2017
british,1316,CNBC,2017
japanese,975,CNBC,2017
russians,832,CNBC,2017
sean,751,CNBC,2017
democrat,662,CNBC,2017
north korean,615,CNBC,2017
asian,609,CNBC,2017
canadian,546,CNBC,2017
italian,531,CNBC,2017
mexican,526,CNBC,2017
saudi,508,CNBC,2017
spanish,460,CNBC,2017
democratic,448,CNBC,2017
cuban,378,CNBC,2017
dutch,327,CNBC,2017
irish,294,CNBC,2017
syrian,289,CNBC,2017
korean,286,CNBC,2017
north american,281,CNBC,2017
muslim,253,CNBC,2017
south korean,239,CNBC,2017
israeli,229,CNBC,2017
iranian,227,CNBC,2017
indian,220,CNBC,2017
europeans,189,CNBC,2017
greek,172,CNBC,2017
arab,171,CNBC,2017
swiss,168,CNBC,2017
islamic,163,CNBC,2017
germans,163,CNBC,2017
north koreans,159,CNBC,2017
koreans,153,CNBC,2017
palestinians,144,CNBC,2017
australian,142,CNBC,2017
iraqi,137,CNBC,2017
cme,136,CNBC,2017
christian,132,CNBC,2017
palestinian,124,CNBC,2017
ian,117,CNBC,2017
jean,115,CNBC,2017
american,6628,CNBC,2021
americans,5556,CNBC,2021
chinese,4656,CNBC,2021
democrats,4380,CNBC,2021
republicans,3170,CNBC,2021
republican,2157,CNBC,2021
european,1344,CNBC,2021
russian,771,CNBC,2021
afghan,686,CNBC,2021
canadian,613,CNBC,2021
democrat,612,CNBC,2021
french,586,CNBC,2021
democratic,514,CNBC,2021
british,501,CNBC,2021
german,463,CNBC,2021
asian,428,CNBC,2021
norwegian,425,CNBC,2021
afghans,419,CNBC,2021
japanese,326,CNBC,2021
israeli,318,CNBC,2021
italian,263,CNBC,2021
south african,254,CNBC,2021
hispanic,233,CNBC,2021
russians,219,CNBC,2021
greek,206,CNBC,2021
dutch,190,CNBC,2021
north american,164,CNBC,2021
spanish,163,CNBC,2021
sean,134,CNBC,2021
asian-american,131,CNBC,2021
cuban,130,CNBC,2021
christian,127,CNBC,2021
saudi,123,CNBC,2021
australian,113,CNBC,2021
europeans,112,CNBC,2021
mexican,111,CNBC,2021
haitian,111,CNBC,2021
asian-americans,109,CNBC,2021
african-american,106,CNBC,2021
african,106,CNBC,2021
texans,105,CNBC,2021
indian,94,CNBC,2021
iranian,93,CNBC,2021
korean,91,CNBC,2021
j&j,90,CNBC,2021
palestinians,84,CNBC,2021
marriott,78,CNBC,2021
swiss,76,CNBC,2021
hawaiian,73,CNBC,2021
palestinian,69,CNBC,2021
republicans,59139,MSNBC,2023
republican,47327,MSNBC,2023
american,34489,MSNBC,2023
democrats,28806,MSNBC,2023
americans,20994,MSNBC,2023
israeli,16308,MSNBC,2023
russian,10959,MSNBC,2023
democratic,6745,MSNBC,2023
palestinian,5955,MSNBC,2023
israelis,5917,MSNBC,2023
palestinians,5356,MSNBC,2023
democrat,5252,MSNBC,2023
chinese,5182,MSNBC,2023
russians,3600,MSNBC,2023
jewish,3418,MSNBC,2023
sean,2472,MSNBC,2023
christian,1962,MSNBC,2023
arab,1698,MSNBC,2023
jews,1647,MSNBC,2023
iranian,1638,MSNBC,2023
british,1181,MSNBC,2023
creepy,1174,MSNBC,2023
european,1174,MSNBC,2023
african,1092,MSNBC,2023
asian,1013,MSNBC,2023
spanish,1008,MSNBC,2023
muslim,920,MSNBC,2023
mexican,838,MSNBC,2023
french,830,MSNBC,2023
african american,783,MSNBC,2023
canadian,675,MSNBC,2023
hispanic,605,MSNBC,2023
german,591,MSNBC,2023
egyptian,580,MSNBC,2023
latin,577,MSNBC,2023
ukrainian,538,MSNBC,2023
iranians,495,MSNBC,2023
saudi,474,MSNBC,2023
nazi,461,MSNBC,2023
cyp3a4,459,MSNBC,2023
islamic,429,MSNBC,2023
italian,422,MSNBC,2023
christians,383,MSNBC,2023
muslims,372,MSNBC,2023
japanese,363,MSNBC,2023
australian,362,MSNBC,2023
statin,360,MSNBC,2023
indian,355,MSNBC,2023
jean,332,MSNBC,2023
egyptians,331,MSNBC,2023
republican,34188,MSNBC,2016
republicans,24752,MSNBC,2016
american,20503,MSNBC,2016
democrats,18255,MSNBC,2016
americans,10962,MSNBC,2016
african-american,4915,MSNBC,2016
democratic,4803,MSNBC,2016
democrat,4597,MSNBC,2016
russian,3577,MSNBC,2016
muslim,3273,MSNBC,2016
african-americans,2741,MSNBC,2016
muslims,2664,MSNBC,2016
hispanic,2087,MSNBC,2016
russians,1925,MSNBC,2016
mexican,1692,MSNBC,2016
islamic,1442,MSNBC,2016
french,1408,MSNBC,2016
european,1101,MSNBC,2016
christian,1070,MSNBC,2016
sean,994,MSNBC,2016
cuban,968,MSNBC,2016
chinese,956,MSNBC,2016
british,938,MSNBC,2016
syrian,922,MSNBC,2016
iranian,921,MSNBC,2016
hispanics,859,MSNBC,2016
african,790,MSNBC,2016
jewish,717,MSNBC,2016
israeli,693,MSNBC,2016
egyptian,633,MSNBC,2016
iraqi,607,MSNBC,2016
belgian,567,MSNBC,2016
spanish,532,MSNBC,2016
mexicans,513,MSNBC,2016
islam,510,MSNBC,2016
german,502,MSNBC,2016
iranians,499,MSNBC,2016
claritin,461,MSNBC,2016
canadian,452,MSNBC,2016
italian,405,MSNBC,2016
palestinians,405,MSNBC,2016
asian,374,MSNBC,2016
japanese,370,MSNBC,2016
arab,361,MSNBC,2016
palestinian,359,MSNBC,2016
catholic,313,MSNBC,2016
israelis,307,MSNBC,2016
d.,302,MSNBC,2016
greek,301,MSNBC,2016
christians,296,MSNBC,2016
republicans,54882,MSNBC,2022
russian,45065,MSNBC,2022
democrats,43333,MSNBC,2022
republican,42404,MSNBC,2022
american,32775,MSNBC,2022
americans,21295,MSNBC,2022
russians,16490,MSNBC,2022
democratic,8012,MSNBC,2022
democrat,6882,MSNBC,2022
british,3567,MSNBC,2022
european,3476,MSNBC,2022
french,2318,MSNBC,2022
chinese,2273,MSNBC,2022
ukrainian,1981,MSNBC,2022
christian,1911,MSNBC,2022
jewish,1716,MSNBC,2022
polish,1434,MSNBC,2022
iranian,1293,MSNBC,2022
sean,1210,MSNBC,2022
soviet,1185,MSNBC,2022
african,1166,MSNBC,2022
hispanic,1102,MSNBC,2022
german,998,MSNBC,2022
italian,891,MSNBC,2022
europeans,822,MSNBC,2022
spanish,801,MSNBC,2022
jews,784,MSNBC,2022
asian,742,MSNBC,2022
statin,717,MSNBC,2022
nazi,669,MSNBC,2022
israeli,653,MSNBC,2022
canadian,585,MSNBC,2022
saudi,583,MSNBC,2022
raphael,574,MSNBC,2022
ian,551,MSNBC,2022
african american,535,MSNBC,2022
texans,523,MSNBC,2022
germans,503,MSNBC,2022
mexican,501,MSNBC,2022
muslim,471,MSNBC,2022
claritin,462,MSNBC,2022
afghan,426,MSNBC,2022
japanese,412,MSNBC,2022
australian,387,MSNBC,2022
cuban,383,MSNBC,2022
irish,358,MSNBC,2022
ukrainians,349,MSNBC,2022
vossoughian,347,MSNBC,2022
iranians,335,MSNBC,2022
indian,334,MSNBC,2022
republicans,67824,MSNBC,2021
democrats,55040,MSNBC,2021
republican,46127,MSNBC,2021
american,42792,MSNBC,2021
americans,33924,MSNBC,2021
democratic,9572,MSNBC,2021
democrat,6683,MSNBC,2021
afghan,5872,MSNBC,2021
russian,5428,MSNBC,2021
afghans,3310,MSNBC,2021
asian,2278,MSNBC,2021
chinese,2149,MSNBC,2021
israeli,1839,MSNBC,2021
texans,1757,MSNBC,2021
african-american,1677,MSNBC,2021
russians,1315,MSNBC,2021
french,1147,MSNBC,2021
british,1121,MSNBC,2021
european,1084,MSNBC,2021
palestinians,1013,MSNBC,2021
hispanic,994,MSNBC,2021
african-americans,986,MSNBC,2021
jewish,946,MSNBC,2021
palestinian,829,MSNBC,2021
muslim,815,MSNBC,2021
asian-americans,793,MSNBC,2021
christian,760,MSNBC,2021
asian-american,726,MSNBC,2021
haitian,725,MSNBC,2021
african,692,MSNBC,2021
israelis,681,MSNBC,2021
cuban,664,MSNBC,2021
sean,662,MSNBC,2021
italian,557,MSNBC,2021
mexican,520,MSNBC,2021
south african,499,MSNBC,2021
anti-asian,486,MSNBC,2021
jews,484,MSNBC,2021
iranian,482,MSNBC,2021
spanish,481,MSNBC,2021
japanese,473,MSNBC,2021
muslims,425,MSNBC,2021
hawaiian,410,MSNBC,2021
islamic,409,MSNBC,2021
norwegian,402,MSNBC,2021
german,384,MSNBC,2021
vossoughian,369,MSNBC,2021
jean,361,MSNBC,2021
statin,360,MSNBC,2021
canadian,341,MSNBC,2021
republican,22008,MSNBC,2015
american,17259,MSNBC,2015
republicans,16948,MSNBC,2015
americans,9915,MSNBC,2015
democrats,9427,MSNBC,2015
french,5385,MSNBC,2015
muslim,3269,MSNBC,2015
muslims,2861,MSNBC,2015
democratic,2691,MSNBC,2015
russian,2520,MSNBC,2015
democrat,2450,MSNBC,2015
islamic,2343,MSNBC,2015
african-american,2133,MSNBC,2015
syrian,2042,MSNBC,2015
iraqi,1813,MSNBC,2015
iranian,1578,MSNBC,2015
israeli,1519,MSNBC,2015
british,1382,MSNBC,2015
russians,1275,MSNBC,2015
iranians,1210,MSNBC,2015
christian,1201,MSNBC,2015
european,1192,MSNBC,2015
jewish,1077,MSNBC,2015
cuban,1065,MSNBC,2015
hispanic,976,MSNBC,2015
african-americans,959,MSNBC,2015
arab,930,MSNBC,2015
mexican,926,MSNBC,2015
chinese,922,MSNBC,2015
german,822,MSNBC,2015
islam,804,MSNBC,2015
greek,735,MSNBC,2015
spanish,700,MSNBC,2015
afghan,659,MSNBC,2015
christians,658,MSNBC,2015
jordanian,649,MSNBC,2015
experian,648,MSNBC,2015
palestinian,593,MSNBC,2015
african,574,MSNBC,2015
kurdish,540,MSNBC,2015
catholic,539,MSNBC,2015
israelis,537,MSNBC,2015
sunni,504,MSNBC,2015
jews,458,MSNBC,2015
japanese,448,MSNBC,2015
kurds,432,MSNBC,2015
egyptian,424,MSNBC,2015
palestinians,405,MSNBC,2015
hispanics,370,MSNBC,2015
iraqis,350,MSNBC,2015
democrats,49834,MSNBC,2019
republicans,30623,MSNBC,2019
american,26728,MSNBC,2019
republican,19807,MSNBC,2019
americans,12519,MSNBC,2019
russian,8902,MSNBC,2019
democratic,8713,MSNBC,2019
democrat,6326,MSNBC,2019
russians,5243,MSNBC,2019
african-american,2969,MSNBC,2019
chinese,2153,MSNBC,2019
kurds,1486,MSNBC,2019
iranian,1422,MSNBC,2019
british,1401,MSNBC,2019
african-americans,1229,MSNBC,2019
iranians,1137,MSNBC,2019
european,980,MSNBC,2019
jewish,979,MSNBC,2019
kurdish,946,MSNBC,2019
french,836,MSNBC,2019
ukrainian,829,MSNBC,2019
muslim,820,MSNBC,2019
mexican,777,MSNBC,2019
sean,771,MSNBC,2019
saudi,765,MSNBC,2019
syrian,756,MSNBC,2019
north korean,706,MSNBC,2019
hispanic,677,MSNBC,2019
israeli,663,MSNBC,2019
turkish,580,MSNBC,2019
christian,569,MSNBC,2019
muslims,518,MSNBC,2019
african,458,MSNBC,2019
jews,457,MSNBC,2019
islamic,412,MSNBC,2019
japanese,368,MSNBC,2019
europeans,344,MSNBC,2019
north koreans,306,MSNBC,2019
vossoughian,305,MSNBC,2019
soviet,290,MSNBC,2019
mexicans,283,MSNBC,2019
palestinians,279,MSNBC,2019
afghan,268,MSNBC,2019
palestinian,258,MSNBC,2019
spanish,258,MSNBC,2019
r.,250,MSNBC,2019
hispanics,246,MSNBC,2019
iraqi,230,MSNBC,2019
socialists,229,MSNBC,2019
italian,228,MSNBC,2019
democrats,34340,MSNBC,2018
republicans,32493,MSNBC,2018
republican,22962,MSNBC,2018
american,22579,MSNBC,2018
russian,16228,MSNBC,2018
americans,10204,MSNBC,2018
russians,9553,MSNBC,2018
democrat,6214,MSNBC,2018
democratic,4665,MSNBC,2018
chinese,2225,MSNBC,2018
north korean,1778,MSNBC,2018
sean,1675,MSNBC,2018
african-american,1450,MSNBC,2018
saudi,1352,MSNBC,2018
british,1197,MSNBC,2018
north koreans,1058,MSNBC,2018
european,1024,MSNBC,2018
syrian,967,MSNBC,2018
korean,891,MSNBC,2018
koreans,844,MSNBC,2018
french,814,MSNBC,2018
african-americans,786,MSNBC,2018
iranian,769,MSNBC,2018
muslim,692,MSNBC,2018
mexican,689,MSNBC,2018
jewish,653,MSNBC,2018
israeli,585,MSNBC,2018
south korean,579,MSNBC,2018
african,578,MSNBC,2018
palestinians,533,MSNBC,2018
iranians,510,MSNBC,2018
hispanic,489,MSNBC,2018
christian,474,MSNBC,2018
canadian,440,MSNBC,2018
japanese,424,MSNBC,2018
german,407,MSNBC,2018
europeans,379,MSNBC,2018
jews,342,MSNBC,2018
italian,333,MSNBC,2018
muslims,328,MSNBC,2018
south koreans,325,MSNBC,2018
arab,305,MSNBC,2018
palestinian,292,MSNBC,2018
julian,273,MSNBC,2018
jean,266,MSNBC,2018
dems,263,MSNBC,2018
soviet,259,MSNBC,2018
mexicans,257,MSNBC,2018
trumpian,250,MSNBC,2018
asian,247,MSNBC,2018
american,42438,MSNBC,2020
americans,40927,MSNBC,2020
democrats,35028,MSNBC,2020
republicans,34920,MSNBC,2020
republican,28871,MSNBC,2020
democratic,9108,MSNBC,2020
democrat,6939,MSNBC,2020
russian,5604,MSNBC,2020
african-american,5487,MSNBC,2020
african-americans,3003,MSNBC,2020
iranian,2936,MSNBC,2020
russians,2729,MSNBC,2020
chinese,2527,MSNBC,2020
iranians,1465,MSNBC,2020
british,1380,MSNBC,2020
hispanic,1354,MSNBC,2020
iraqi,1077,MSNBC,2020
european,1005,MSNBC,2020
sean,950,MSNBC,2020
african,793,MSNBC,2020
christian,710,MSNBC,2020
asian,622,MSNBC,2020
vossoughian,572,MSNBC,2020
muslim,538,MSNBC,2020
french,487,MSNBC,2020
spanish,462,MSNBC,2020
adrian,422,MSNBC,2020
mexican,412,MSNBC,2020
jewish,401,MSNBC,2020
indian,400,MSNBC,2020
texans,344,MSNBC,2020
japanese,335,MSNBC,2020
german,325,MSNBC,2020
italian,323,MSNBC,2020
catholic,321,MSNBC,2020
cuban,311,MSNBC,2020
iraqis,306,MSNBC,2020
cyp3a4,281,MSNBC,2020
native american,275,MSNBC,2020
canadian,274,MSNBC,2020
arab,265,MSNBC,2020
hispanics,257,MSNBC,2020
europeans,250,MSNBC,2020
israeli,245,MSNBC,2020
afghan,243,MSNBC,2020
un-american,225,MSNBC,2020
muslims,220,MSNBC,2020
asian-american,217,MSNBC,2020
californians,216,MSNBC,2020
saudi,214,MSNBC,2020
republicans,35877,MSNBC,2017
democrats,26775,MSNBC,2017
american,25651,MSNBC,2017
republican,25242,MSNBC,2017
russian,21692,MSNBC,2017
americans,13296,MSNBC,2017
russians,11434,MSNBC,2017
democrat,6217,MSNBC,2017
sean,5223,MSNBC,2017
democratic,4146,MSNBC,2017
chinese,2747,MSNBC,2017
muslim,2737,MSNBC,2017
north korean,1735,MSNBC,2017
british,1675,MSNBC,2017
syrian,1298,MSNBC,2017
french,1218,MSNBC,2017
african-american,1196,MSNBC,2017
muslims,1185,MSNBC,2017
european,1004,MSNBC,2017
north koreans,946,MSNBC,2017
islamic,922,MSNBC,2017
korean,908,MSNBC,2017
israeli,809,MSNBC,2017
japanese,799,MSNBC,2017
mexican,799,MSNBC,2017
german,755,MSNBC,2017
christian,744,MSNBC,2017
koreans,703,MSNBC,2017
jewish,697,MSNBC,2017
iranian,687,MSNBC,2017
african-americans,648,MSNBC,2017
palestinians,608,MSNBC,2017
south korean,519,MSNBC,2017
palestinian,499,MSNBC,2017
arab,467,MSNBC,2017
cuban,449,MSNBC,2017
iranians,403,MSNBC,2017
israelis,394,MSNBC,2017
iraqi,393,MSNBC,2017
hispanic,386,MSNBC,2017
african,361,MSNBC,2017
christians,359,MSNBC,2017
afghan,353,MSNBC,2017
canadian,352,MSNBC,2017
soviet,349,MSNBC,2017
asian,340,MSNBC,2017
australian,333,MSNBC,2017
spanish,327,MSNBC,2017
jews,309,MSNBC,2017
saudi,300,MSNBC,2017
republicans,24180,MSNBC,2014
american,17429,MSNBC,2014
democrats,16773,MSNBC,2014
republican,16603,MSNBC,2014
americans,11110,MSNBC,2014
russian,4840,MSNBC,2014
democrat,4032,MSNBC,2014
democratic,2965,MSNBC,2014
iraqi,2607,MSNBC,2014
israeli,2575,MSNBC,2014
african-american,2286,MSNBC,2014
syrian,1498,MSNBC,2014
malaysian,1461,MSNBC,2014
russians,1450,MSNBC,2014
chinese,1392,MSNBC,2014
islamic,1379,MSNBC,2014
african-americans,1198,MSNBC,2014
british,1182,MSNBC,2014
palestinian,1152,MSNBC,2014
palestinians,1095,MSNBC,2014
european,1039,MSNBC,2014
arab,1026,MSNBC,2014
sunni,941,MSNBC,2014
french,918,MSNBC,2014
hispanic,917,MSNBC,2014
german,883,MSNBC,2014
israelis,866,MSNBC,2014
cuban,854,MSNBC,2014
kurdish,784,MSNBC,2014
muslim,771,MSNBC,2014
canadian,704,MSNBC,2014
christian,701,MSNBC,2014
iraqis,696,MSNBC,2014
indian,692,MSNBC,2014
afghan,625,MSNBC,2014
african,598,MSNBC,2014
australian,591,MSNBC,2014
jewish,570,MSNBC,2014
pro-russian,554,MSNBC,2014
kurds,544,MSNBC,2014
europeans,541,MSNBC,2014
mexican,465,MSNBC,2014
nigerian,431,MSNBC,2014
iranian,405,MSNBC,2014
muslims,365,MSNBC,2014
shia,360,MSNBC,2014
sean,344,MSNBC,2014
asian,330,MSNBC,2014
spanish,321,MSNBC,2014
soviet,298,MSNBC,2014
republicans,40324,MSNBC,2013
republican,22428,MSNBC,2013
american,20719,MSNBC,2013
democrats,18016,MSNBC,2013
americans,14477,MSNBC,2013
democrat,3956,MSNBC,2013
democratic,3378,MSNBC,2013
african-american,2690,MSNBC,2013
syrian,1976,MSNBC,2013
muslim,1721,MSNBC,2013
russian,1677,MSNBC,2013
african-americans,1528,MSNBC,2013
russians,1270,MSNBC,2013
hispanic,1136,MSNBC,2013
british,1119,MSNBC,2013
german,1027,MSNBC,2013
egyptian,951,MSNBC,2013
chinese,915,MSNBC,2013
israeli,885,MSNBC,2013
french,861,MSNBC,2013
christian,802,MSNBC,2013
iranian,787,MSNBC,2013
arab,683,MSNBC,2013
israelis,600,MSNBC,2013
sean,582,MSNBC,2013
afghan,575,MSNBC,2013
iranians,535,MSNBC,2013
african,495,MSNBC,2013
catholic,493,MSNBC,2013
greek,475,MSNBC,2013
japanese,464,MSNBC,2013
hispanics,462,MSNBC,2013
jewish,443,MSNBC,2013
syrians,400,MSNBC,2013
palestinians,390,MSNBC,2013
european,386,MSNBC,2013
islamic,374,MSNBC,2013
creepy,363,MSNBC,2013
italian,320,MSNBC,2013
mexican,315,MSNBC,2013
lesbian,311,MSNBC,2013
palestinian,310,MSNBC,2013
asian,310,MSNBC,2013
south african,308,MSNBC,2013
canadian,297,MSNBC,2013
spanish,280,MSNBC,2013
muslims,266,MSNBC,2013
egyptians,265,MSNBC,2013
iraqi,253,MSNBC,2013
north korean,229,MSNBC,2013
republicans,27066,MSNBC,2024
republican,22511,MSNBC,2024
american,19119,MSNBC,2024
democrats,16371,MSNBC,2024
americans,10646,MSNBC,2024
israeli,7471,MSNBC,2024
russian,4576,MSNBC,2024
democratic,3383,MSNBC,2024
democrat,3317,MSNBC,2024
palestinian,2541,MSNBC,2024
iranian,2279,MSNBC,2024
israelis,2267,MSNBC,2024
palestinians,2208,MSNBC,2024
christian,2114,MSNBC,2024
jewish,1536,MSNBC,2024
chinese,1132,MSNBC,2024
russians,1069,MSNBC,2024
arab,1037,MSNBC,2024
creepy,815,MSNBC,2024
european,792,MSNBC,2024
iranians,765,MSNBC,2024
jews,637,MSNBC,2024
muslim,551,MSNBC,2024
british,499,MSNBC,2024
christians,477,MSNBC,2024
french,466,MSNBC,2024
african,447,MSNBC,2024
hispanic,423,MSNBC,2024
german,405,MSNBC,2024
sean,377,MSNBC,2024
statin,358,MSNBC,2024
pro-palestinian,325,MSNBC,2024
asian,294,MSNBC,2024
europeans,268,MSNBC,2024
mexican,267,MSNBC,2024
nazi,238,MSNBC,2024
christianity,235,MSNBC,2024
iraqi,220,MSNBC,2024
islamic,216,MSNBC,2024
jean,209,MSNBC,2024
african american,207,MSNBC,2024
japanese,200,MSNBC,2024
californians,191,MSNBC,2024
willis,183,MSNBC,2024
soviet,181,MSNBC,2024
un-american,169,MSNBC,2024
egyptian,167,MSNBC,2024
muslims,151,MSNBC,2024
african-american,150,MSNBC,2024
saudi,149,MSNBC,2024
republicans,27655,MSNBC,2012
republican,25900,MSNBC,2012
american,20783,MSNBC,2012
democrats,14632,MSNBC,2012
americans,13134,MSNBC,2012
democrat,3107,MSNBC,2012
democratic,2554,MSNBC,2012
african-american,1780,MSNBC,2012
hispanic,1680,MSNBC,2012
muslim,1483,MSNBC,2012
christian,1363,MSNBC,2012
chinese,1247,MSNBC,2012
catholic,1217,MSNBC,2012
afghan,1212,MSNBC,2012
french,1105,MSNBC,2012
african-americans,981,MSNBC,2012
syrian,938,MSNBC,2012
british,821,MSNBC,2012
european,761,MSNBC,2012
german,685,MSNBC,2012
arab,666,MSNBC,2012
iranian,645,MSNBC,2012
israeli,626,MSNBC,2012
hispanics,588,MSNBC,2012
sean,486,MSNBC,2012
jewish,432,MSNBC,2012
iranians,428,MSNBC,2012
christians,426,MSNBC,2012
russian,425,MSNBC,2012
spanish,423,MSNBC,2012
israelis,329,MSNBC,2012
japanese,319,MSNBC,2012
russians,313,MSNBC,2012
cuban,304,MSNBC,2012
swiss,302,MSNBC,2012
muslims,301,MSNBC,2012
afghans,301,MSNBC,2012
italian,291,MSNBC,2012
mexican,282,MSNBC,2012
egyptian,282,MSNBC,2012
african,281,MSNBC,2012
greek,278,MSNBC,2012
islamic,273,MSNBC,2012
asian,244,MSNBC,2012
libyan,243,MSNBC,2012
catholics,240,MSNBC,2012
d.,222,MSNBC,2012
conservatives,219,MSNBC,2012
canadian,204,MSNBC,2012
irish,198,MSNBC,2012
democrats,18625,FBC,2021
american,16709,FBC,2021
americans,13764,FBC,2021
republicans,10271,FBC,2021
chinese,7017,FBC,2021
republican,6894,FBC,2021
democrat,5234,FBC,2021
european,1872,FBC,2021
afghan,1714,FBC,2021
russian,1488,FBC,2021
democratic,1301,FBC,2021
sean,851,FBC,2021
british,608,FBC,2021
afghans,600,FBC,2021
russians,590,FBC,2021
french,579,FBC,2021
cuban,549,FBC,2021
mexican,546,FBC,2021
communist,526,FBC,2021
christian,520,FBC,2021
norwegian,500,FBC,2021
asian,456,FBC,2021
iranian,362,FBC,2021
dems,348,FBC,2021
japanese,283,FBC,2021
israeli,281,FBC,2021
hispanic,268,FBC,2021
socialists,260,FBC,2021
african-american,252,FBC,2021
canadian,246,FBC,2021
iranians,239,FBC,2021
german,226,FBC,2021
californians,205,FBC,2021
italian,196,FBC,2021
cubans,185,FBC,2021
europeans,181,FBC,2021
south african,178,FBC,2021
texans,173,FBC,2021
spanish,160,FBC,2021
greek,155,FBC,2021
african,153,FBC,2021
muslim,152,FBC,2021
african-americans,151,FBC,2021
haitian,150,FBC,2021
catholic,146,FBC,2021
jewish,144,FBC,2021
australian,138,FBC,2021
marxist,136,FBC,2021
islamic,134,FBC,2021
israelis,132,FBC,2021
american,8532,FBC,2013
republicans,7366,FBC,2013
americans,5763,FBC,2013
democrats,4313,FBC,2013
republican,3116,FBC,2013
chinese,2206,FBC,2013
willis,1035,FBC,2013
democrat,914,FBC,2013
european,789,FBC,2013
muslim,660,FBC,2013
democratic,643,FBC,2013
russian,576,FBC,2013
syrian,558,FBC,2013
french,553,FBC,2013
british,538,FBC,2013
japanese,522,FBC,2013
russians,464,FBC,2013
iranian,397,FBC,2013
egyptian,366,FBC,2013
canadian,352,FBC,2013
christian,291,FBC,2013
iranians,288,FBC,2013
german,283,FBC,2013
italian,273,FBC,2013
mexican,220,FBC,2013
cme,202,FBC,2013
indian,201,FBC,2013
israeli,190,FBC,2013
arab,189,FBC,2013
asian,182,FBC,2013
greek,180,FBC,2013
israelis,172,FBC,2013
hispanic,162,FBC,2013
islamic,157,FBC,2013
spanish,152,FBC,2013
europeans,142,FBC,2013
north american,122,FBC,2013
indians,122,FBC,2013
syrians,117,FBC,2013
cuban,116,FBC,2013
sean,116,FBC,2013
peruvian,111,FBC,2013
creepy,104,FBC,2013
christians,99,FBC,2013
african-american,95,FBC,2013
north korean,94,FBC,2013
english,93,FBC,2013
afghan,91,FBC,2013
jewish,87,FBC,2013
dennis,85,FBC,2013
democrats,30506,FBC,2019
american,21416,FBC,2019
chinese,16150,FBC,2019
americans,9691,FBC,2019
republicans,9446,FBC,2019
democrat,6910,FBC,2019
republican,6342,FBC,2019
democratic,2986,FBC,2019
russian,2362,FBC,2019
european,2295,FBC,2019
british,1993,FBC,2019
iranian,1861,FBC,2019
russians,1813,FBC,2019
mexican,1638,FBC,2019
iranians,1474,FBC,2019
dems,1249,FBC,2019
french,1233,FBC,2019
europeans,764,FBC,2019
japanese,668,FBC,2019
christian,654,FBC,2019
socialists,629,FBC,2019
saudi,614,FBC,2019
asian,601,FBC,2019
german,530,FBC,2019
canadian,505,FBC,2019
african-american,505,FBC,2019
sean,499,FBC,2019
jewish,496,FBC,2019
italian,486,FBC,2019
israeli,473,FBC,2019
kurds,454,FBC,2019
hispanic,422,FBC,2019
north korean,416,FBC,2019
communist,392,FBC,2019
spanish,383,FBC,2019
cuban,312,FBC,2019
islamic,305,FBC,2019
syrian,280,FBC,2019
cubans,279,FBC,2019
african-americans,268,FBC,2019
note10,267,FBC,2019
turkish,261,FBC,2019
jews,255,FBC,2019
mexicans,241,FBC,2019
christians,240,FBC,2019
muslim,232,FBC,2019
african,228,FBC,2019
venezuelan,227,FBC,2019
north koreans,224,FBC,2019
kurdish,218,FBC,2019
american,20430,FBC,2017
democrats,19533,FBC,2017
republicans,19153,FBC,2017
republican,11292,FBC,2017
americans,9942,FBC,2017
russian,5545,FBC,2017
democrat,4348,FBC,2017
russians,3235,FBC,2017
chinese,3194,FBC,2017
sean,2100,FBC,2017
democratic,1762,FBC,2017
muslim,1468,FBC,2017
north korean,1361,FBC,2017
british,1350,FBC,2017
european,1311,FBC,2017
french,1136,FBC,2017
islamic,1087,FBC,2017
japanese,773,FBC,2017
north koreans,712,FBC,2017
syrian,643,FBC,2017
german,639,FBC,2017
muslims,592,FBC,2017
iranian,591,FBC,2017
dems,571,FBC,2017
iranians,571,FBC,2017
mexican,552,FBC,2017
korean,472,FBC,2017
cuban,453,FBC,2017
koreans,449,FBC,2017
canadian,447,FBC,2017
christian,415,FBC,2017
christians,386,FBC,2017
israeli,378,FBC,2017
spanish,367,FBC,2017
hispanic,342,FBC,2017
arab,330,FBC,2017
jewish,328,FBC,2017
palestinians,318,FBC,2017
asian,318,FBC,2017
texans,304,FBC,2017
african-american,288,FBC,2017
south korean,278,FBC,2017
europeans,276,FBC,2017
italian,273,FBC,2017
afghan,267,FBC,2017
saudi,245,FBC,2017
islam,230,FBC,2017
iraqi,207,FBC,2017
palestinian,192,FBC,2017
israelis,187,FBC,2017
american,12290,FBC,2015
republican,9160,FBC,2015
americans,8075,FBC,2015
republicans,7631,FBC,2015
democrats,5600,FBC,2015
chinese,3815,FBC,2015
islamic,3642,FBC,2015
russian,2556,FBC,2015
french,2415,FBC,2015
european,1891,FBC,2015
iranian,1842,FBC,2015
greek,1830,FBC,2015
democrat,1782,FBC,2015
syrian,1619,FBC,2015
muslim,1617,FBC,2015
iranians,1572,FBC,2015
muslims,1565,FBC,2015
russians,1325,FBC,2015
democratic,1291,FBC,2015
iraqi,992,FBC,2015
christians,899,FBC,2015
british,853,FBC,2015
german,810,FBC,2015
christian,778,FBC,2015
asian,725,FBC,2015
japanese,640,FBC,2015
islam,614,FBC,2015
arab,594,FBC,2015
israeli,567,FBC,2015
willis,494,FBC,2015
europeans,427,FBC,2015
islamist,411,FBC,2015
mexican,411,FBC,2015
jewish,364,FBC,2015
african-american,364,FBC,2015
cuban,354,FBC,2015
canadian,343,FBC,2015
hispanic,340,FBC,2015
israelis,340,FBC,2015
germans,310,FBC,2015
italian,284,FBC,2015
saudi,263,FBC,2015
kurds,254,FBC,2015
sunni,253,FBC,2015
iraqis,242,FBC,2015
afghan,214,FBC,2015
palestinian,203,FBC,2015
catholic,200,FBC,2015
jews,192,FBC,2015
syrians,184,FBC,2015
american,25430,FBC,2020
democrats,21947,FBC,2020
americans,16563,FBC,2020
chinese,11441,FBC,2020
republicans,10479,FBC,2020
republican,8190,FBC,2020
democrat,7198,FBC,2020
russian,2868,FBC,2020
democratic,2373,FBC,2020
european,1898,FBC,2020
iranian,1744,FBC,2020
russians,1204,FBC,2020
african-american,1141,FBC,2020
dems,1105,FBC,2020
iranians,861,FBC,2020
british,834,FBC,2020
african-americans,754,FBC,2020
hispanic,697,FBC,2020
communist,631,FBC,2020
christian,539,FBC,2020
french,536,FBC,2020
asian,505,FBC,2020
japanese,460,FBC,2020
sean,453,FBC,2020
jews,451,FBC,2020
mexican,438,FBC,2020
christians,438,FBC,2020
jewish,398,FBC,2020
dem,393,FBC,2020
african,375,FBC,2020
german,347,FBC,2020
spanish,331,FBC,2020
socialists,309,FBC,2020
marxist,294,FBC,2020
italian,287,FBC,2020
palestinians,287,FBC,2020
norwegian,272,FBC,2020
hispanics,267,FBC,2020
arab,261,FBC,2020
europeans,260,FBC,2020
saudi,255,FBC,2020
canadian,254,FBC,2020
iraqi,248,FBC,2020
soviet,238,FBC,2020
israeli,221,FBC,2020
israelis,197,FBC,2020
indian,194,FBC,2020
palestinian,181,FBC,2020
cuban,173,FBC,2020
catholic,155,FBC,2020
democrats,14083,FBC,2022
american,13606,FBC,2022
americans,10052,FBC,2022
republicans,10035,FBC,2022
russian,8821,FBC,2022
republican,5806,FBC,2022
chinese,4681,FBC,2022
democrat,4452,FBC,2022
russians,2728,FBC,2022
european,1756,FBC,2022
british,818,FBC,2022
democratic,777,FBC,2022
christian,724,FBC,2022
sean,584,FBC,2022
hispanic,503,FBC,2022
french,480,FBC,2022
mexican,418,FBC,2022
iranian,405,FBC,2022
saudi,359,FBC,2022
asian,358,FBC,2022
canadian,358,FBC,2022
europeans,345,FBC,2022
communist,330,FBC,2022
german,294,FBC,2022
iranians,284,FBC,2022
ukrainian,264,FBC,2022
hispanics,233,FBC,2022
jewish,228,FBC,2022
ian,213,FBC,2022
japanese,212,FBC,2022
soviet,203,FBC,2022
italian,181,FBC,2022
polish,178,FBC,2022
dutch,165,FBC,2022
germans,158,FBC,2022
australian,125,FBC,2022
taiwanese,123,FBC,2022
israeli,114,FBC,2022
arab,99,FBC,2022
norwegian,99,FBC,2022
californians,98,FBC,2022
cuban,85,FBC,2022
socialists,84,FBC,2022
african-american,79,FBC,2022
christians,77,FBC,2022
cityserve.us,76,FBC,2022
texans,76,FBC,2022
afghan,76,FBC,2022
spanish,75,FBC,2022
jean,73,FBC,2022
democrats,23156,FBC,2018
american,18136,FBC,2018
republicans,15265,FBC,2018
republican,9681,FBC,2018
chinese,9641,FBC,2018
americans,8229,FBC,2018
democrat,5178,FBC,2018
russian,4039,FBC,2018
russians,2644,FBC,2018
european,2300,FBC,2018
democratic,1914,FBC,2018
iranian,1385,FBC,2018
north korean,1305,FBC,2018
british,1171,FBC,2018
french,1094,FBC,2018
dems,1011,FBC,2018
canadian,967,FBC,2018
europeans,959,FBC,2018
mexican,959,FBC,2018
saudi,942,FBC,2018
north koreans,800,FBC,2018
iranians,736,FBC,2018
asian,688,FBC,2018
japanese,660,FBC,2018
korean,643,FBC,2018
italian,625,FBC,2018
koreans,623,FBC,2018
german,609,FBC,2018
sean,504,FBC,2018
christian,482,FBC,2018
hispanic,473,FBC,2018
south korean,423,FBC,2018
soviet,401,FBC,2018
african-american,362,FBC,2018
israeli,319,FBC,2018
jewish,315,FBC,2018
muslim,296,FBC,2018
christians,272,FBC,2018
jews,269,FBC,2018
syrian,258,FBC,2018
socialists,242,FBC,2018
canadians,223,FBC,2018
cme,220,FBC,2018
south koreans,216,FBC,2018
mexicans,215,FBC,2018
african-americans,214,FBC,2018
germans,208,FBC,2018
turkish,192,FBC,2018
palestinians,191,FBC,2018
north american,182,FBC,2018
american,8218,FBC,2024
democrats,5888,FBC,2024
americans,5255,FBC,2024
republicans,4332,FBC,2024
chinese,3025,FBC,2024
republican,2912,FBC,2024
democrat,2199,FBC,2024
israeli,968,FBC,2024
jewish,863,FBC,2024
russian,759,FBC,2024
iranian,723,FBC,2024
israelis,484,FBC,2024
sean,481,FBC,2024
european,430,FBC,2024
hispanic,406,FBC,2024
palestinian,405,FBC,2024
democratic,359,FBC,2024
palestinians,279,FBC,2024
french,256,FBC,2024
communist,250,FBC,2024
mexican,244,FBC,2024
jews,242,FBC,2024
iranians,240,FBC,2024
hispanics,237,FBC,2024
russians,203,FBC,2024
creepy,158,FBC,2024
christian,147,FBC,2024
asian,147,FBC,2024
british,138,FBC,2024
pro-palestinian,122,FBC,2024
japanese,121,FBC,2024
african-american,117,FBC,2024
arab,114,FBC,2024
europeans,92,FBC,2024
african-americans,88,FBC,2024
italian,87,FBC,2024
anti-american,84,FBC,2024
german,78,FBC,2024
muslim,74,FBC,2024
willis,73,FBC,2024
christians,72,FBC,2024
statin,67,FBC,2024
soviet,66,FBC,2024
dutch,60,FBC,2024
spanish,58,FBC,2024
african,54,FBC,2024
islamic,53,FBC,2024
jean,53,FBC,2024
cuban,52,FBC,2024
d.,52,FBC,2024
american,14681,FBC,2023
republicans,10217,FBC,2023
democrats,10105,FBC,2023
americans,9214,FBC,2023
chinese,7057,FBC,2023
republican,5961,FBC,2023
democrat,3427,FBC,2023
israeli,2431,FBC,2023
sean,1691,FBC,2023
russian,1634,FBC,2023
jewish,1320,FBC,2023
israelis,1248,FBC,2023
iranian,1140,FBC,2023
palestinian,915,FBC,2023
communist,856,FBC,2023
european,836,FBC,2023
christian,722,FBC,2023
russians,710,FBC,2023
palestinians,673,FBC,2023
mexican,666,FBC,2023
democratic,591,FBC,2023
jews,575,FBC,2023
creepy,408,FBC,2023
iranians,404,FBC,2023
british,376,FBC,2023
french,374,FBC,2023
hispanic,288,FBC,2023
canadian,264,FBC,2023
japanese,260,FBC,2023
saudi,246,FBC,2023
arab,224,FBC,2023
asian,217,FBC,2023
pro-palestinian,207,FBC,2023
europeans,176,FBC,2023
indian,167,FBC,2023
islamic,164,FBC,2023
italian,162,FBC,2023
muslim,138,FBC,2023
jean,133,FBC,2023
german,133,FBC,2023
christians,128,FBC,2023
dutch,122,FBC,2023
australian,114,FBC,2023
catholic,107,FBC,2023
hispanics,101,FBC,2023
hawaiian,100,FBC,2023
taiwanese,99,FBC,2023
afghan,90,FBC,2023
african-american,86,FBC,2023
marxist,86,FBC,2023
american,17086,FBC,2016
republican,15020,FBC,2016
republicans,11185,FBC,2016
democrats,10675,FBC,2016
americans,9434,FBC,2016
democrat,3561,FBC,2016
democratic,2520,FBC,2016
chinese,2450,FBC,2016
islamic,2344,FBC,2016
british,2263,FBC,2016
muslim,2178,FBC,2016
european,2111,FBC,2016
russian,1920,FBC,2016
muslims,1719,FBC,2016
russians,1436,FBC,2016
african-american,1218,FBC,2016
german,1196,FBC,2016
mexican,1192,FBC,2016
iranian,1041,FBC,2016
french,1016,FBC,2016
hispanic,991,FBC,2016
iranians,959,FBC,2016
syrian,904,FBC,2016
christian,890,FBC,2016
japanese,828,FBC,2016
cuban,731,FBC,2016
italian,687,FBC,2016
sean,683,FBC,2016
christians,666,FBC,2016
islam,632,FBC,2016
african-americans,629,FBC,2016
hispanics,497,FBC,2016
canadian,412,FBC,2016
europeans,399,FBC,2016
iraqi,388,FBC,2016
saudi,388,FBC,2016
asian,382,FBC,2016
israeli,375,FBC,2016
jewish,375,FBC,2016
egyptian,326,FBC,2016
arab,308,FBC,2016
islamist,263,FBC,2016
germans,259,FBC,2016
african,214,FBC,2016
belgian,209,FBC,2016
catholic,200,FBC,2016
jihadist,191,FBC,2016
palestinians,191,FBC,2016
mexicans,190,FBC,2016
israelis,181,FBC,2016
american,8307,FBC,2014
republicans,6040,FBC,2014
americans,5768,FBC,2014
democrats,4232,FBC,2014
republican,3020,FBC,2014
russian,2331,FBC,2014
chinese,1747,FBC,2014
islamic,1340,FBC,2014
democrat,1038,FBC,2014
russians,904,FBC,2014
european,800,FBC,2014
willis,679,FBC,2014
french,541,FBC,2014
iraqi,530,FBC,2014
democratic,514,FBC,2014
british,490,FBC,2014
israeli,451,FBC,2014
canadian,432,FBC,2014
asian,355,FBC,2014
syrian,323,FBC,2014
japanese,312,FBC,2014
europeans,302,FBC,2014
malaysian,288,FBC,2014
german,284,FBC,2014
mexican,272,FBC,2014
iranian,251,FBC,2014
arab,251,FBC,2014
christian,232,FBC,2014
italian,222,FBC,2014
muslim,222,FBC,2014
african-american,197,FBC,2014
kurdish,186,FBC,2014
hispanic,185,FBC,2014
cuban,180,FBC,2014
israelis,175,FBC,2014
islamist,173,FBC,2014
african,169,FBC,2014
iranians,162,FBC,2014
dabs,158,FBC,2014
sunni,150,FBC,2014
iraqis,147,FBC,2014
kurds,145,FBC,2014
indian,135,FBC,2014
creepy,126,FBC,2014
palestinians,109,FBC,2014
soviet,105,FBC,2014
germans,102,FBC,2014
sean,101,FBC,2014
african-americans,101,FBC,2014
afghan,100,FBC,2014
republicans,3717,FBC,2012
american,3062,FBC,2012
americans,2555,FBC,2012
democrats,2193,FBC,2012
republican,1891,FBC,2012
democrat,560,FBC,2012
chinese,530,FBC,2012
european,502,FBC,2012
democratic,356,FBC,2012
muslim,325,FBC,2012
iranian,262,FBC,2012
willis,225,FBC,2012
israeli,183,FBC,2012
german,161,FBC,2012
british,146,FBC,2012
libyan,141,FBC,2012
iranians,139,FBC,2012
french,137,FBC,2012
japanese,135,FBC,2012
egyptian,133,FBC,2012
arab,130,FBC,2012
islamic,129,FBC,2012
greek,129,FBC,2012
spanish,124,FBC,2012
israelis,122,FBC,2012
cme,117,FBC,2012
hispanic,115,FBC,2012
canadian,115,FBC,2012
christian,112,FBC,2012
russian,99,FBC,2012
italian,99,FBC,2012
jewish,92,FBC,2012
syrian,84,FBC,2012
anti-american,83,FBC,2012
asian,71,FBC,2012
europeans,69,FBC,2012
mexican,66,FBC,2012
russians,65,FBC,2012
muslims,62,FBC,2012
egyptians,55,FBC,2012
hispanics,50,FBC,2012
palestinians,48,FBC,2012
north american,42,FBC,2012
islam,41,FBC,2012
palestinian,38,FBC,2012
sean,37,FBC,2012
african-american,36,FBC,2012
iraqi,34,FBC,2012
dutch,31,FBC,2012
indian,30,FBC,2012
european,17018,Bloomberg,2017
chinese,16015,Bloomberg,2017
american,12841,Bloomberg,2017
republicans,11227,Bloomberg,2017
french,7841,Bloomberg,2017
republican,7808,Bloomberg,2017
russian,7752,Bloomberg,2017
democrats,7639,Bloomberg,2017
german,6449,Bloomberg,2017
japanese,5245,Bloomberg,2017
asian,5096,Bloomberg,2017
americans,4758,Bloomberg,2017
british,4580,Bloomberg,2017
russians,2838,Bloomberg,2017
saudi,2627,Bloomberg,2017
italian,2062,Bloomberg,2017
korean,1757,Bloomberg,2017
spanish,1734,Bloomberg,2017
mexican,1646,Bloomberg,2017
north korean,1645,Bloomberg,2017
islamic,1535,Bloomberg,2017
canadian,1358,Bloomberg,2017
australian,1353,Bloomberg,2017
democrat,1299,Bloomberg,2017
south korean,1235,Bloomberg,2017
fu,1147,Bloomberg,2017
indian,1113,Bloomberg,2017
dutch,1109,Bloomberg,2017
muslim,1104,Bloomberg,2017
syrian,1104,Bloomberg,2017
irish,1073,Bloomberg,2017
europeans,1051,Bloomberg,2017
sean,987,Bloomberg,2017
ian,966,Bloomberg,2017
democratic,956,Bloomberg,2017
greek,771,Bloomberg,2017
germans,763,Bloomberg,2017
israeli,759,Bloomberg,2017
iranian,703,Bloomberg,2017
arab,625,Bloomberg,2017
iranians,600,Bloomberg,2017
turkish,568,Bloomberg,2017
swiss,553,Bloomberg,2017
christian,531,Bloomberg,2017
jean,503,Bloomberg,2017
north american,487,Bloomberg,2017
south african,485,Bloomberg,2017
iraqi,479,Bloomberg,2017
north koreans,457,Bloomberg,2017
koreans,440,Bloomberg,2017
chinese,12295,Bloomberg,2021
european,11866,Bloomberg,2021
democrats,4822,Bloomberg,2021
american,4494,Bloomberg,2021
asian,3891,Bloomberg,2021
republicans,3598,Bloomberg,2021
americans,3194,Bloomberg,2021
german,2056,Bloomberg,2021
japanese,2023,Bloomberg,2021
republican,1962,Bloomberg,2021
french,1409,Bloomberg,2021
australian,1266,Bloomberg,2021
russian,1175,Bloomberg,2021
british,1129,Bloomberg,2021
indian,926,Bloomberg,2021
korean,782,Bloomberg,2021
italian,737,Bloomberg,2021
democrat,572,Bloomberg,2021
democratic,561,Bloomberg,2021
europeans,553,Bloomberg,2021
canadian,459,Bloomberg,2021
spanish,375,Bloomberg,2021
afghan,342,Bloomberg,2021
ian,339,Bloomberg,2021
saudi,329,Bloomberg,2021
christian,326,Bloomberg,2021
south korean,320,Bloomberg,2021
south african,306,Bloomberg,2021
dutch,294,Bloomberg,2021
iranian,282,Bloomberg,2021
russians,269,Bloomberg,2021
israeli,255,Bloomberg,2021
germans,250,Bloomberg,2021
olaf,236,Bloomberg,2021
dovish,229,Bloomberg,2021
afghans,211,Bloomberg,2021
swiss,203,Bloomberg,2021
irish,203,Bloomberg,2021
thai,181,Bloomberg,2021
african,178,Bloomberg,2021
greek,158,Bloomberg,2021
indonesian,151,Bloomberg,2021
english,147,Bloomberg,2021
taiwanese,147,Bloomberg,2021
jean,144,Bloomberg,2021
asia-pacific,141,Bloomberg,2021
islamic,135,Bloomberg,2021
turkish,134,Bloomberg,2021
african-american,130,Bloomberg,2021
palestinians,126,Bloomberg,2021
chinese,9350,Bloomberg,2014
american,9218,Bloomberg,2014
russian,8745,Bloomberg,2014
european,6542,Bloomberg,2014
republicans,4952,Bloomberg,2014
americans,4173,Bloomberg,2014
french,3924,Bloomberg,2014
democrats,3103,Bloomberg,2014
german,3059,Bloomberg,2014
russians,2876,Bloomberg,2014
republican,2818,Bloomberg,2014
fu,2216,Bloomberg,2014
japanese,1963,Bloomberg,2014
british,1962,Bloomberg,2014
islamic,1507,Bloomberg,2014
israeli,1351,Bloomberg,2014
asian,1322,Bloomberg,2014
italian,1303,Bloomberg,2014
iraqi,982,Bloomberg,2014
canadian,974,Bloomberg,2014
europeans,973,Bloomberg,2014
malaysian,926,Bloomberg,2014
indian,871,Bloomberg,2014
israelis,726,Bloomberg,2014
germans,726,Bloomberg,2014
spanish,716,Bloomberg,2014
australian,682,Bloomberg,2014
palestinians,651,Bloomberg,2014
iranians,613,Bloomberg,2014
syrian,589,Bloomberg,2014
palestinian,586,Bloomberg,2014
arab,569,Bloomberg,2014
democrat,566,Bloomberg,2014
scottish,550,Bloomberg,2014
sunni,541,Bloomberg,2014
ferrari,530,Bloomberg,2014
iranian,527,Bloomberg,2014
pro-russian,527,Bloomberg,2014
greek,525,Bloomberg,2014
democratic,474,Bloomberg,2014
dutch,419,Bloomberg,2014
muslim,397,Bloomberg,2014
english,361,Bloomberg,2014
swiss,360,Bloomberg,2014
brazilian,349,Bloomberg,2014
kurdish,349,Bloomberg,2014
soviet,341,Bloomberg,2014
korean,333,Bloomberg,2014
iraqis,332,Bloomberg,2014
african,322,Bloomberg,2014
european,16149,Bloomberg,2016
chinese,15252,Bloomberg,2016
american,10670,Bloomberg,2016
republican,10404,Bloomberg,2016
republicans,8434,Bloomberg,2016
japanese,6771,Bloomberg,2016
democrats,5613,Bloomberg,2016
german,5176,Bloomberg,2016
british,5020,Bloomberg,2016
americans,4435,Bloomberg,2016
italian,4292,Bloomberg,2016
asian,4021,Bloomberg,2016
russian,3735,Bloomberg,2016
french,3240,Bloomberg,2016
islamic,2462,Bloomberg,2016
saudi,1863,Bloomberg,2016
russians,1517,Bloomberg,2016
democratic,1484,Bloomberg,2016
democrat,1372,Bloomberg,2016
african-american,1344,Bloomberg,2016
mexican,1319,Bloomberg,2016
fu,1311,Bloomberg,2016
canadian,1283,Bloomberg,2016
australian,1211,Bloomberg,2016
greek,1054,Bloomberg,2016
syrian,1031,Bloomberg,2016
indian,941,Bloomberg,2016
brazilian,876,Bloomberg,2016
ian,873,Bloomberg,2016
spanish,825,Bloomberg,2016
europeans,815,Bloomberg,2016
muslim,790,Bloomberg,2016
iranian,783,Bloomberg,2016
muslims,727,Bloomberg,2016
turkish,714,Bloomberg,2016
sean,684,Bloomberg,2016
african-americans,683,Bloomberg,2016
iranians,645,Bloomberg,2016
swiss,620,Bloomberg,2016
iraqi,597,Bloomberg,2016
korean,589,Bloomberg,2016
hispanic,559,Bloomberg,2016
israeli,512,Bloomberg,2016
african,497,Bloomberg,2016
germans,481,Bloomberg,2016
christian,472,Bloomberg,2016
egyptian,470,Bloomberg,2016
dutch,465,Bloomberg,2016
irish,435,Bloomberg,2016
cuban,432,Bloomberg,2016
european,16518,Bloomberg,2020
chinese,14654,Bloomberg,2020
american,7012,Bloomberg,2020
democrats,6672,Bloomberg,2020
republicans,5325,Bloomberg,2020
americans,4845,Bloomberg,2020
asian,4510,Bloomberg,2020
german,3245,Bloomberg,2020
republican,2906,Bloomberg,2020
japanese,2660,Bloomberg,2020
british,2204,Bloomberg,2020
french,1804,Bloomberg,2020
australian,1675,Bloomberg,2020
indian,1195,Bloomberg,2020
italian,1172,Bloomberg,2020
democratic,1120,Bloomberg,2020
russian,1082,Bloomberg,2020
democrat,1010,Bloomberg,2020
saudi,980,Bloomberg,2020
korean,887,Bloomberg,2020
iranian,758,Bloomberg,2020
europeans,650,Bloomberg,2020
canadian,567,Bloomberg,2020
spanish,554,Bloomberg,2020
ian,545,Bloomberg,2020
african-american,510,Bloomberg,2020
christian,501,Bloomberg,2020
russians,474,Bloomberg,2020
fu,396,Bloomberg,2020
swiss,364,Bloomberg,2020
dutch,361,Bloomberg,2020
jean,355,Bloomberg,2020
south korean,338,Bloomberg,2020
african-americans,336,Bloomberg,2020
germans,304,Bloomberg,2020
iranians,294,Bloomberg,2020
african,253,Bloomberg,2020
iraqi,241,Bloomberg,2020
irish,227,Bloomberg,2020
asia-pacific,206,Bloomberg,2020
sean,204,Bloomberg,2020
thai,202,Bloomberg,2020
palestinians,198,Bloomberg,2020
norwegian,194,Bloomberg,2020
hispanic,194,Bloomberg,2020
greek,193,Bloomberg,2020
palestinian,189,Bloomberg,2020
malaysian,178,Bloomberg,2020
english,174,Bloomberg,2020
north korean,172,Bloomberg,2020
chinese,26086,Bloomberg,2019
european,19231,Bloomberg,2019
american,7847,Bloomberg,2019
democrats,6830,Bloomberg,2019
german,5771,Bloomberg,2019
asian,4826,Bloomberg,2019
british,3889,Bloomberg,2019
japanese,3883,Bloomberg,2019
republicans,3046,Bloomberg,2019
french,3004,Bloomberg,2019
americans,2402,Bloomberg,2019
saudi,2367,Bloomberg,2019
republican,2067,Bloomberg,2019
italian,1983,Bloomberg,2019
indian,1785,Bloomberg,2019
iranian,1737,Bloomberg,2019
russian,1736,Bloomberg,2019
australian,1727,Bloomberg,2019
irish,1463,Bloomberg,2019
europeans,1223,Bloomberg,2019
democratic,1219,Bloomberg,2019
mexican,1036,Bloomberg,2019
democrat,1021,Bloomberg,2019
canadian,967,Bloomberg,2019
korean,955,Bloomberg,2019
ian,738,Bloomberg,2019
christian,723,Bloomberg,2019
spanish,714,Bloomberg,2019
dovish,705,Bloomberg,2019
jean,677,Bloomberg,2019
russians,588,Bloomberg,2019
south korean,555,Bloomberg,2019
fu,533,Bloomberg,2019
islamic,500,Bloomberg,2019
turkish,453,Bloomberg,2019
iranians,453,Bloomberg,2019
swiss,450,Bloomberg,2019
dutch,437,Bloomberg,2019
north korean,386,Bloomberg,2019
germans,378,Bloomberg,2019
indonesian,377,Bloomberg,2019
u.s.-china,376,Bloomberg,2019
permian,376,Bloomberg,2019
north american,364,Bloomberg,2019
african-american,341,Bloomberg,2019
israeli,325,Bloomberg,2019
kurdish,322,Bloomberg,2019
brazilian,312,Bloomberg,2019
african,312,Bloomberg,2019
greek,288,Bloomberg,2019
chinese,11047,Bloomberg,2023
european,7924,Bloomberg,2023
japanese,3834,Bloomberg,2023
american,3534,Bloomberg,2023
asian,3385,Bloomberg,2023
republicans,2002,Bloomberg,2023
russian,1870,Bloomberg,2023
republican,1413,Bloomberg,2023
german,1387,Bloomberg,2023
indian,1366,Bloomberg,2023
americans,1311,Bloomberg,2023
democrats,1298,Bloomberg,2023
australian,1143,Bloomberg,2023
french,1117,Bloomberg,2023
israeli,947,Bloomberg,2023
korean,775,Bloomberg,2023
swiss,701,Bloomberg,2023
british,650,Bloomberg,2023
saudi,521,Bloomberg,2023
canadian,521,Bloomberg,2023
israelis,415,Bloomberg,2023
christian,396,Bloomberg,2023
palestinian,396,Bloomberg,2023
italian,388,Bloomberg,2023
spanish,353,Bloomberg,2023
greek,305,Bloomberg,2023
palestinians,304,Bloomberg,2023
ian,291,Bloomberg,2023
south korean,289,Bloomberg,2023
europeans,279,Bloomberg,2023
russians,265,Bloomberg,2023
taiwanese,239,Bloomberg,2023
democrat,230,Bloomberg,2023
arab,227,Bloomberg,2023
dovish,226,Bloomberg,2023
iranian,215,Bloomberg,2023
dutch,213,Bloomberg,2023
african,198,Bloomberg,2023
democratic,197,Bloomberg,2023
thai,193,Bloomberg,2023
turkish,183,Bloomberg,2023
english,136,Bloomberg,2023
asia-pacific,130,Bloomberg,2023
olaf,128,Bloomberg,2023
mexican,118,Bloomberg,2023
jewish,115,Bloomberg,2023
ukrainian,115,Bloomberg,2023
sean,114,Bloomberg,2023
north american,114,Bloomberg,2023
swedish,112,Bloomberg,2023
chinese,16313,Bloomberg,2015
greek,11348,Bloomberg,2015
european,10620,Bloomberg,2015
american,10175,Bloomberg,2015
republican,6495,Bloomberg,2015
republicans,6213,Bloomberg,2015
german,5554,Bloomberg,2015
americans,4858,Bloomberg,2015
russian,4775,Bloomberg,2015
french,4598,Bloomberg,2015
democrats,3632,Bloomberg,2015
islamic,3073,Bloomberg,2015
japanese,2815,Bloomberg,2015
asian,2731,Bloomberg,2015
british,2223,Bloomberg,2015
fu,1677,Bloomberg,2015
iranian,1542,Bloomberg,2015
russians,1519,Bloomberg,2015
syrian,1238,Bloomberg,2015
iranians,1207,Bloomberg,2015
germans,1197,Bloomberg,2015
australian,1163,Bloomberg,2015
italian,1157,Bloomberg,2015
spanish,1071,Bloomberg,2015
canadian,1064,Bloomberg,2015
europeans,1063,Bloomberg,2015
ian,1016,Bloomberg,2015
swiss,990,Bloomberg,2015
democrat,808,Bloomberg,2015
israeli,787,Bloomberg,2015
iraqi,781,Bloomberg,2015
muslim,774,Bloomberg,2015
indian,748,Bloomberg,2015
democratic,742,Bloomberg,2015
muslims,722,Bloomberg,2015
saudi,644,Bloomberg,2015
arab,636,Bloomberg,2015
brazilian,625,Bloomberg,2015
korean,514,Bloomberg,2015
cuban,498,Bloomberg,2015
mexican,490,Bloomberg,2015
dutch,479,Bloomberg,2015
christian,447,Bloomberg,2015
african-american,442,Bloomberg,2015
jewish,402,Bloomberg,2015
israelis,394,Bloomberg,2015
jean,389,Bloomberg,2015
malaysian,378,Bloomberg,2015
irish,362,Bloomberg,2015
sunni,353,Bloomberg,2015
american,663,Bloomberg,2013
chinese,497,Bloomberg,2013
republicans,408,Bloomberg,2013
americans,406,Bloomberg,2013
european,384,Bloomberg,2013
democrats,303,Bloomberg,2013
japanese,237,Bloomberg,2013
russian,205,Bloomberg,2013
fu,176,Bloomberg,2013
german,136,Bloomberg,2013
republican,111,Bloomberg,2013
british,111,Bloomberg,2013
french,87,Bloomberg,2013
italian,84,Bloomberg,2013
asian,79,Bloomberg,2013
south african,74,Bloomberg,2013
iranian,65,Bloomberg,2013
israelis,63,Bloomberg,2013
canadian,61,Bloomberg,2013
israeli,57,Bloomberg,2013
iranians,53,Bloomberg,2013
russians,53,Bloomberg,2013
australian,51,Bloomberg,2013
democrat,51,Bloomberg,2013
ferrari,45,Bloomberg,2013
palestinians,41,Bloomberg,2013
african,37,Bloomberg,2013
spanish,34,Bloomberg,2013
irish,27,Bloomberg,2013
palestinian,26,Bloomberg,2013
koreans,26,Bloomberg,2013
indonesian,24,Bloomberg,2013
europeans,24,Bloomberg,2013
indian,23,Bloomberg,2013
north american,23,Bloomberg,2013
democratic,23,Bloomberg,2013
creepy,22,Bloomberg,2013
arab,22,Bloomberg,2013
sean,22,Bloomberg,2013
english,21,Bloomberg,2013
swiss,21,Bloomberg,2013
jews,20,Bloomberg,2013
dutch,19,Bloomberg,2013
jean,18,Bloomberg,2013
itunes,18,Bloomberg,2013
jewish,18,Bloomberg,2013
norwegian,17,Bloomberg,2013
mexican,17,Bloomberg,2013
latin,17,Bloomberg,2013
germans,16,Bloomberg,2013
chinese,26681,Bloomberg,2018
european,17627,Bloomberg,2018
american,9593,Bloomberg,2018
democrats,7497,Bloomberg,2018
asian,6519,Bloomberg,2018
italian,5898,Bloomberg,2018
russian,5420,Bloomberg,2018
republicans,5350,Bloomberg,2018
german,4814,Bloomberg,2018
japanese,4660,Bloomberg,2018
republican,3789,Bloomberg,2018
british,3292,Bloomberg,2018
saudi,3151,Bloomberg,2018
french,3017,Bloomberg,2018
americans,2990,Bloomberg,2018
canadian,2366,Bloomberg,2018
iranian,1845,Bloomberg,2018
korean,1815,Bloomberg,2018
north korean,1543,Bloomberg,2018
indian,1422,Bloomberg,2018
russians,1352,Bloomberg,2018
mexican,1293,Bloomberg,2018
australian,1250,Bloomberg,2018
democrat,1226,Bloomberg,2018
europeans,1169,Bloomberg,2018
irish,1132,Bloomberg,2018
turkish,1080,Bloomberg,2018
south korean,1065,Bloomberg,2018
fu,937,Bloomberg,2018
ian,790,Bloomberg,2018
democratic,714,Bloomberg,2018
brazilian,674,Bloomberg,2018
north american,636,Bloomberg,2018
christian,593,Bloomberg,2018
israeli,588,Bloomberg,2018
spanish,587,Bloomberg,2018
malaysian,572,Bloomberg,2018
north koreans,512,Bloomberg,2018
sean,477,Bloomberg,2018
italians,462,Bloomberg,2018
indonesian,454,Bloomberg,2018
koreans,451,Bloomberg,2018
african-american,423,Bloomberg,2018
swiss,422,Bloomberg,2018
south african,410,Bloomberg,2018
african,394,Bloomberg,2018
jean,392,Bloomberg,2018
dutch,391,Bloomberg,2018
syrian,383,Bloomberg,2018
permian,373,Bloomberg,2018
chinese,4365,Bloomberg,2024
japanese,2155,Bloomberg,2024
european,1761,Bloomberg,2024
american,1505,Bloomberg,2024
asian,1209,Bloomberg,2024
french,772,Bloomberg,2024
americans,683,Bloomberg,2024
indian,655,Bloomberg,2024
republicans,650,Bloomberg,2024
republican,617,Bloomberg,2024
russian,548,Bloomberg,2024
israeli,545,Bloomberg,2024
democrats,457,Bloomberg,2024
german,395,Bloomberg,2024
australian,395,Bloomberg,2024
iranian,320,Bloomberg,2024
korean,248,Bloomberg,2024
israelis,161,Bloomberg,2024
british,160,Bloomberg,2024
saudi,137,Bloomberg,2024
europeans,134,Bloomberg,2024
palestinians,131,Bloomberg,2024
palestinian,126,Bloomberg,2024
ian,121,Bloomberg,2024
south korean,114,Bloomberg,2024
dovish,113,Bloomberg,2024
thai,112,Bloomberg,2024
taiwanese,110,Bloomberg,2024
christian,97,Bloomberg,2024
iranians,90,Bloomberg,2024
democrat,89,Bloomberg,2024
swiss,89,Bloomberg,2024
dutch,85,Bloomberg,2024
italian,81,Bloomberg,2024
democratic,77,Bloomberg,2024
south african,74,Bloomberg,2024
arab,63,Bloomberg,2024
spanish,63,Bloomberg,2024
greek,63,Bloomberg,2024
indonesian,58,Bloomberg,2024
canadian,53,Bloomberg,2024
african,46,Bloomberg,2024
russians,44,Bloomberg,2024
olaf,43,Bloomberg,2024
asia-pacific,42,Bloomberg,2024
north american,39,Bloomberg,2024
islamic,39,Bloomberg,2024
mexican,37,Bloomberg,2024
jewish,32,Bloomberg,2024
indians,31,Bloomberg,2024
russian,11028,Bloomberg,2022
european,10088,Bloomberg,2022
chinese,9249,Bloomberg,2022
asian,3595,Bloomberg,2022
american,3292,Bloomberg,2022
japanese,2563,Bloomberg,2022
german,2057,Bloomberg,2022
democrats,1742,Bloomberg,2022
republicans,1541,Bloomberg,2022
americans,1538,Bloomberg,2022
french,1458,Bloomberg,2022
russians,1402,Bloomberg,2022
australian,1268,Bloomberg,2022
british,1087,Bloomberg,2022
italian,1004,Bloomberg,2022
republican,805,Bloomberg,2022
korean,796,Bloomberg,2022
indian,640,Bloomberg,2022
europeans,595,Bloomberg,2022
saudi,394,Bloomberg,2022
canadian,388,Bloomberg,2022
christian,319,Bloomberg,2022
olaf,317,Bloomberg,2022
spanish,313,Bloomberg,2022
dutch,311,Bloomberg,2022
ukrainian,307,Bloomberg,2022
swiss,302,Bloomberg,2022
ian,287,Bloomberg,2022
germans,278,Bloomberg,2022
democrat,266,Bloomberg,2022
south korean,254,Bloomberg,2022
iranian,244,Bloomberg,2022
polish,221,Bloomberg,2022
democratic,207,Bloomberg,2022
dovish,200,Bloomberg,2022
taiwanese,196,Bloomberg,2022
indonesian,164,Bloomberg,2022
sean,149,Bloomberg,2022
swedish,136,Bloomberg,2022
english,127,Bloomberg,2022
malaysian,117,Bloomberg,2022
asia-pacific,112,Bloomberg,2022
greek,111,Bloomberg,2022
north american,106,Bloomberg,2022
brazilian,105,Bloomberg,2022
thai,99,Bloomberg,2022
wean,94,Bloomberg,2022
african,94,Bloomberg,2022
turkish,93,Bloomberg,2022
arab,91,Bloomberg,2022
american,22385,CNN,2013
republicans,20629,CNN,2013
americans,15946,CNN,2013
republican,11263,CNN,2013
democrats,10519,CNN,2013
russian,4135,CNN,2013
syrian,4060,CNN,2013
british,3318,CNN,2013
chinese,2702,CNN,2013
russians,2386,CNN,2013
democrat,2339,CNN,2013
muslim,2152,CNN,2013
democratic,2023,CNN,2013
french,1931,CNN,2013
african-american,1653,CNN,2013
iranian,1563,CNN,2013
israeli,1392,CNN,2013
north korean,1364,CNN,2013
egyptian,1237,CNN,2013
mexican,1197,CNN,2013
italian,1188,CNN,2013
christian,1146,CNN,2013
german,1067,CNN,2013
arab,984,CNN,2013
iranians,970,CNN,2013
japanese,965,CNN,2013
afghan,939,CNN,2013
canadian,916,CNN,2013
syrians,901,CNN,2013
european,836,CNN,2013
korean,827,CNN,2013
spanish,827,CNN,2013
south african,804,CNN,2013
catholic,787,CNN,2013
african,785,CNN,2013
islamic,749,CNN,2013
hispanic,723,CNN,2013
indian,714,CNN,2013
sean,682,CNN,2013
african-americans,675,CNN,2013
israelis,659,CNN,2013
north koreans,638,CNN,2013
jewish,626,CNN,2013
creepy,586,CNN,2013
south korean,581,CNN,2013
palestinian,561,CNN,2013
cuban,526,CNN,2013
muslims,516,CNN,2013
palestinians,503,CNN,2013
christians,483,CNN,2013
republicans,42200,CNN,2017
russian,36979,CNN,2017
american,33492,CNN,2017
democrats,30980,CNN,2017
republican,30777,CNN,2017
russians,18300,CNN,2017
americans,16587,CNN,2017
sean,8472,CNN,2017
democrat,7572,CNN,2017
north korean,5073,CNN,2017
democratic,4909,CNN,2017
chinese,4865,CNN,2017
muslim,4461,CNN,2017
british,3413,CNN,2017
syrian,3193,CNN,2017
french,2746,CNN,2017
muslims,2366,CNN,2017
korean,2085,CNN,2017
european,2076,CNN,2017
north koreans,1802,CNN,2017
african-american,1676,CNN,2017
mexican,1636,CNN,2017
iraqi,1482,CNN,2017
islamic,1464,CNN,2017
japanese,1432,CNN,2017
jewish,1359,CNN,2017
south korean,1311,CNN,2017
israeli,1311,CNN,2017
german,1265,CNN,2017
koreans,1245,CNN,2017
christian,1140,CNN,2017
iranian,907,CNN,2017
palestinians,893,CNN,2017
african-americans,784,CNN,2017
palestinian,763,CNN,2017
african,735,CNN,2017
cuban,691,CNN,2017
iranians,680,CNN,2017
afghan,674,CNN,2017
arab,672,CNN,2017
israelis,672,CNN,2017
islam,628,CNN,2017
jews,616,CNN,2017
christians,599,CNN,2017
hispanic,556,CNN,2017
australian,504,CNN,2017
canadian,492,CNN,2017
soviet,491,CNN,2017
spanish,481,CNN,2017
syrians,468,CNN,2017
democrats,62201,CNN,2019
republicans,34296,CNN,2019
american,33508,CNN,2019
republican,21094,CNN,2019
americans,14440,CNN,2019
russian,11422,CNN,2019
democratic,9677,CNN,2019
democrat,7844,CNN,2019
russians,7279,CNN,2019
chinese,4129,CNN,2019
iranian,2890,CNN,2019
british,2886,CNN,2019
african-american,2865,CNN,2019
iranians,2121,CNN,2019
jewish,2062,CNN,2019
north korean,1800,CNN,2019
french,1770,CNN,2019
european,1767,CNN,2019
saudi,1751,CNN,2019
ukrainian,1532,CNN,2019
italian,1491,CNN,2019
syrian,1405,CNN,2019
kurds,1399,CNN,2019
muslim,1366,CNN,2019
mexican,1360,CNN,2019
african-americans,1227,CNN,2019
sean,1208,CNN,2019
jews,1141,CNN,2019
israeli,1129,CNN,2019
kurdish,1059,CNN,2019
muslims,986,CNN,2019
christian,919,CNN,2019
r.,806,CNN,2019
japanese,758,CNN,2019
islamic,683,CNN,2019
turkish,665,CNN,2019
north koreans,665,CNN,2019
hispanic,636,CNN,2019
african,623,CNN,2019
d.,594,CNN,2019
iraqi,569,CNN,2019
dutch,553,CNN,2019
spanish,451,CNN,2019
asian,443,CNN,2019
europeans,439,CNN,2019
afghan,433,CNN,2019
indian,426,CNN,2019
koreans,416,CNN,2019
mexicans,415,CNN,2019
nazi,405,CNN,2019
american,24544,CNN,2012
republican,20154,CNN,2012
republicans,17925,CNN,2012
americans,17688,CNN,2012
democrats,11353,CNN,2012
syrian,6592,CNN,2012
afghan,3668,CNN,2012
chinese,2951,CNN,2012
democrat,2865,CNN,2012
british,2707,CNN,2012
muslim,2662,CNN,2012
democratic,2264,CNN,2012
african-american,2115,CNN,2012
french,2033,CNN,2012
iranian,1906,CNN,2012
israeli,1813,CNN,2012
hispanic,1675,CNN,2012
christian,1643,CNN,2012
arab,1638,CNN,2012
german,1465,CNN,2012
european,1422,CNN,2012
egyptian,1351,CNN,2012
greek,1324,CNN,2012
russian,1253,CNN,2012
catholic,1192,CNN,2012
libyan,1034,CNN,2012
muslims,998,CNN,2012
jewish,971,CNN,2012
italian,968,CNN,2012
african-americans,957,CNN,2012
iranians,940,CNN,2012
mexican,909,CNN,2012
japanese,885,CNN,2012
spanish,881,CNN,2012
islamic,808,CNN,2012
afghans,784,CNN,2012
pakistani,782,CNN,2012
israelis,752,CNN,2012
syrians,740,CNN,2012
russians,725,CNN,2012
canadian,708,CNN,2012
christians,627,CNN,2012
hispanics,585,CNN,2012
egyptians,584,CNN,2012
cuban,580,CNN,2012
sean,516,CNN,2012
indian,510,CNN,2012
african,503,CNN,2012
libyans,474,CNN,2012
palestinians,472,CNN,2012
democrats,40288,CNN,2018
republicans,35025,CNN,2018
american,27390,CNN,2018
republican,26160,CNN,2018
russian,21472,CNN,2018
russians,13044,CNN,2018
americans,11605,CNN,2018
democrat,7549,CNN,2018
democratic,5654,CNN,2018
north korean,4340,CNN,2018
chinese,3661,CNN,2018
saudi,3570,CNN,2018
british,2420,CNN,2018
north koreans,2182,CNN,2018
french,2153,CNN,2018
african-american,1785,CNN,2018
european,1752,CNN,2018
korean,1611,CNN,2018
syrian,1598,CNN,2018
south korean,1576,CNN,2018
koreans,1543,CNN,2018
sean,1538,CNN,2018
iranian,1444,CNN,2018
israeli,1284,CNN,2018
jewish,1222,CNN,2018
mexican,1140,CNN,2018
african,987,CNN,2018
african-americans,844,CNN,2018
iranians,821,CNN,2018
muslim,812,CNN,2018
christian,784,CNN,2018
jews,783,CNN,2018
turkish,771,CNN,2018
german,704,CNN,2018
canadian,700,CNN,2018
italian,689,CNN,2018
palestinians,681,CNN,2018
japanese,601,CNN,2018
hispanic,601,CNN,2018
south koreans,574,CNN,2018
europeans,573,CNN,2018
muslims,538,CNN,2018
jean,475,CNN,2018
thai,454,CNN,2018
palestinian,450,CNN,2018
t.,448,CNN,2018
spanish,424,CNN,2018
afghan,421,CNN,2018
nazi,416,CNN,2018
israelis,391,CNN,2018
russian,70072,CNN,2022
republicans,34053,CNN,2022
democrats,29026,CNN,2022
republican,27319,CNN,2022
russians,24949,CNN,2022
american,23007,CNN,2022
americans,17723,CNN,2022
democrat,5422,CNN,2022
democratic,5040,CNN,2022
chinese,4883,CNN,2022
british,4049,CNN,2022
european,3836,CNN,2022
french,3536,CNN,2022
ukrainian,2783,CNN,2022
iranian,2030,CNN,2022
jewish,1960,CNN,2022
polish,1562,CNN,2022
christian,1540,CNN,2022
german,1487,CNN,2022
soviet,1331,CNN,2022
australian,1295,CNN,2022
italian,1277,CNN,2022
israeli,1266,CNN,2022
cyp3a4,998,CNN,2022
african,939,CNN,2022
saudi,923,CNN,2022
sean,912,CNN,2022
japanese,850,CNN,2022
jews,819,CNN,2022
ian,753,CNN,2022
canadian,746,CNN,2022
asian,727,CNN,2022
europeans,610,CNN,2022
afghan,608,CNN,2022
muslim,560,CNN,2022
mexican,554,CNN,2022
ukrainians,540,CNN,2022
raphael,517,CNN,2022
nazi,517,CNN,2022
korean,502,CNN,2022
north korean,474,CNN,2022
hispanic,473,CNN,2022
germans,433,CNN,2022
pro-russian,423,CNN,2022
iranians,417,CNN,2022
statin,407,CNN,2022
palestinian,405,CNN,2022
islamic,383,CNN,2022
south korean,371,CNN,2022
spanish,365,CNN,2022
republicans,19727,CNN,2024
republican,18329,CNN,2024
american,16687,CNN,2024
democrats,13648,CNN,2024
israeli,12149,CNN,2024
americans,9614,CNN,2024
russian,7171,CNN,2024
democrat,3300,CNN,2024
iranian,3254,CNN,2024
palestinian,2894,CNN,2024
democratic,2581,CNN,2024
israelis,2569,CNN,2024
jewish,2344,CNN,2024
palestinians,2293,CNN,2024
russians,2141,CNN,2024
chinese,1792,CNN,2024
christian,1199,CNN,2024
sean,1138,CNN,2024
british,1087,CNN,2024
iranians,1012,CNN,2024
european,984,CNN,2024
pro-palestinian,939,CNN,2024
arab,881,CNN,2024
creepy,769,CNN,2024
french,737,CNN,2024
jews,659,CNN,2024
muslim,656,CNN,2024
australian,634,CNN,2024
jean,584,CNN,2024
hispanic,542,CNN,2024
african,524,CNN,2024
japanese,508,CNN,2024
mexican,479,CNN,2024
willis,466,CNN,2024
soviet,435,CNN,2024
german,416,CNN,2024
egyptian,355,CNN,2024
islamic,319,CNN,2024
iowans,302,CNN,2024
ukrainian,299,CNN,2024
north korean,288,CNN,2024
italian,279,CNN,2024
iraqi,272,CNN,2024
asian,272,CNN,2024
indian,256,CNN,2024
afghans,243,CNN,2024
kaitlan,232,CNN,2024
african-american,228,CNN,2024
qatari,222,CNN,2024
african american,214,CNN,2024
republicans,45589,CNN,2021
democrats,37334,CNN,2021
republican,33480,CNN,2021
americans,30475,CNN,2021
american,29512,CNN,2021
afghan,6701,CNN,2021
democratic,6585,CNN,2021
russian,5232,CNN,2021
democrat,5229,CNN,2021
chinese,4494,CNN,2021
afghans,3863,CNN,2021
israeli,2846,CNN,2021
british,2549,CNN,2021
asian,2539,CNN,2021
french,1937,CNN,2021
european,1857,CNN,2021
russians,1386,CNN,2021
jewish,1331,CNN,2021
african-american,1298,CNN,2021
german,1259,CNN,2021
italian,1220,CNN,2021
christian,1169,CNN,2021
japanese,1032,CNN,2021
palestinians,985,CNN,2021
palestinian,945,CNN,2021
south african,854,CNN,2021
haitian,811,CNN,2021
asian-americans,808,CNN,2021
texans,805,CNN,2021
israelis,772,CNN,2021
african-americans,758,CNN,2021
jews,718,CNN,2021
korean,712,CNN,2021
muslim,692,CNN,2021
african,648,CNN,2021
asian-american,637,CNN,2021
iranian,635,CNN,2021
sean,607,CNN,2021
arab,582,CNN,2021
islamic,526,CNN,2021
saudi,519,CNN,2021
mexican,513,CNN,2021
iranians,470,CNN,2021
anti-asian,469,CNN,2021
cuban,462,CNN,2021
canadian,442,CNN,2021
indian,440,CNN,2021
hispanic,439,CNN,2021
norwegian,437,CNN,2021
d.,430,CNN,2021
american,23738,CNN,2014
russian,13900,CNN,2014
americans,13568,CNN,2014
republicans,12897,CNN,2014
israeli,10439,CNN,2014
malaysian,8638,CNN,2014
iraqi,8480,CNN,2014
republican,8472,CNN,2014
democrats,8455,CNN,2014
chinese,5267,CNN,2014
british,4823,CNN,2014
indian,4523,CNN,2014
syrian,4429,CNN,2014
palestinian,4303,CNN,2014
russians,3953,CNN,2014
israelis,3818,CNN,2014
australian,3792,CNN,2014
kurdish,3343,CNN,2014
islamic,3301,CNN,2014
palestinians,3269,CNN,2014
pro-russian,2841,CNN,2014
european,2560,CNN,2014
french,2530,CNN,2014
democrat,2234,CNN,2014
african-american,2228,CNN,2014
sunni,2059,CNN,2014
arab,2040,CNN,2014
muslim,1979,CNN,2014
iraqis,1765,CNN,2014
democratic,1692,CNN,2014
german,1503,CNN,2014
afghan,1431,CNN,2014
north korean,1411,CNN,2014
cuban,1329,CNN,2014
malaysians,1320,CNN,2014
kurds,1299,CNN,2014
canadian,1252,CNN,2014
muslims,1228,CNN,2014
dutch,1210,CNN,2014
jewish,1196,CNN,2014
mexican,1191,CNN,2014
christian,1183,CNN,2014
iranian,1057,CNN,2014
egyptian,1019,CNN,2014
african-americans,1005,CNN,2014
nigerian,1004,CNN,2014
islam,969,CNN,2014
shia,929,CNN,2014
italian,861,CNN,2014
christians,858,CNN,2014
americans,40026,CNN,2020
american,35235,CNN,2020
democrats,29854,CNN,2020
republicans,27666,CNN,2020
republican,22521,CNN,2020
democratic,6434,CNN,2020
democrat,5501,CNN,2020
russian,4651,CNN,2020
african-american,4475,CNN,2020
chinese,4269,CNN,2020
iranian,3631,CNN,2020
african-americans,2630,CNN,2020
russians,2354,CNN,2020
british,2292,CNN,2020
iranians,2073,CNN,2020
european,1777,CNN,2020
iraqi,1375,CNN,2020
french,1137,CNN,2020
sean,1000,CNN,2020
hispanic,981,CNN,2020
german,872,CNN,2020
asian,785,CNN,2020
japanese,778,CNN,2020
spanish,709,CNN,2020
african,687,CNN,2020
jewish,624,CNN,2020
christian,501,CNN,2020
israeli,479,CNN,2020
italian,462,CNN,2020
muslim,383,CNN,2020
afghan,383,CNN,2020
d.,361,CNN,2020
mexican,360,CNN,2020
palestinians,342,CNN,2020
indian,337,CNN,2020
saudi,331,CNN,2020
iraqis,327,CNN,2020
texans,304,CNN,2020
arab,303,CNN,2020
north korean,299,CNN,2020
canadian,295,CNN,2020
lebanese,278,CNN,2020
catholic,272,CNN,2020
europeans,268,CNN,2020
muslims,265,CNN,2020
hawaiian,265,CNN,2020
brazilian,264,CNN,2020
germans,263,CNN,2020
australian,257,CNN,2020
hispanics,251,CNN,2020
republican,38876,CNN,2016
republicans,29171,CNN,2016
american,28735,CNN,2016
democrats,22276,CNN,2016
americans,16033,CNN,2016
russian,7394,CNN,2016
african-american,7019,CNN,2016
democratic,6130,CNN,2016
democrat,5089,CNN,2016
muslims,4905,CNN,2016
muslim,4892,CNN,2016
african-americans,4032,CNN,2016
russians,3799,CNN,2016
syrian,3747,CNN,2016
mexican,3733,CNN,2016
iraqi,3090,CNN,2016
islamic,2765,CNN,2016
european,2747,CNN,2016
french,2709,CNN,2016
hispanic,2316,CNN,2016
iranian,2178,CNN,2016
chinese,2053,CNN,2016
british,1865,CNN,2016
christian,1700,CNN,2016
sean,1606,CNN,2016
cuban,1585,CNN,2016
german,1543,CNN,2016
israeli,1492,CNN,2016
islam,1295,CNN,2016
african,1293,CNN,2016
belgian,1287,CNN,2016
iranians,1250,CNN,2016
hispanics,1203,CNN,2016
turkish,1070,CNN,2016
italian,1055,CNN,2016
egyptian,1050,CNN,2016
japanese,1027,CNN,2016
jewish,1027,CNN,2016
palestinians,856,CNN,2016
spanish,841,CNN,2016
kurdish,840,CNN,2016
north korean,825,CNN,2016
mexicans,819,CNN,2016
saudi,736,CNN,2016
christians,714,CNN,2016
palestinian,683,CNN,2016
arab,671,CNN,2016
israelis,666,CNN,2016
korean,665,CNN,2016
canadian,620,CNN,2016
american,23486,CNN,2015
republican,21035,CNN,2015
republicans,14968,CNN,2015
americans,13514,CNN,2015
french,12516,CNN,2015
russian,8367,CNN,2015
democrats,8128,CNN,2015
iraqi,7954,CNN,2015
muslim,6762,CNN,2015
muslims,6280,CNN,2015
syrian,5106,CNN,2015
islamic,4549,CNN,2015
israeli,3893,CNN,2015
british,3758,CNN,2015
european,3690,CNN,2015
iranian,3494,CNN,2015
russians,2991,CNN,2015
chinese,2930,CNN,2015
african-american,2914,CNN,2015
democratic,2715,CNN,2015
democrat,2461,CNN,2015
christian,2433,CNN,2015
islam,2352,CNN,2015
jordanian,2240,CNN,2015
german,2210,CNN,2015
iranians,2157,CNN,2015
jewish,2146,CNN,2015
arab,2142,CNN,2015
kurdish,2040,CNN,2015
christians,1875,CNN,2015
palestinian,1835,CNN,2015
egyptian,1790,CNN,2015
mexican,1760,CNN,2015
japanese,1719,CNN,2015
sunni,1698,CNN,2015
greek,1625,CNN,2015
iraqis,1473,CNN,2015
african-americans,1396,CNN,2015
afghan,1394,CNN,2015
experian,1382,CNN,2015
israelis,1288,CNN,2015
african,1126,CNN,2015
saudi,1104,CNN,2015
shia,1095,CNN,2015
belgian,1092,CNN,2015
palestinians,1003,CNN,2015
indian,996,CNN,2015
cuban,978,CNN,2015
jews,974,CNN,2015
hispanic,949,CNN,2015
republicans,37071,CNN,2023
republican,34507,CNN,2023
american,26178,CNN,2023
russian,23998,CNN,2023
israeli,23313,CNN,2023
democrats,20053,CNN,2023
americans,18204,CNN,2023
chinese,8887,CNN,2023
russians,8063,CNN,2023
palestinian,7072,CNN,2023
israelis,6515,CNN,2023
palestinians,5462,CNN,2023
democrat,4094,CNN,2023
democratic,4029,CNN,2023
jewish,3908,CNN,2023
iranian,2390,CNN,2023
british,2155,CNN,2023
french,1879,CNN,2023
mexican,1779,CNN,2023
arab,1777,CNN,2023
european,1658,CNN,2023
christian,1463,CNN,2023
jews,1421,CNN,2023
ukrainian,1186,CNN,2023
canadian,1176,CNN,2023
african,1060,CNN,2023
spanish,1059,CNN,2023
german,1059,CNN,2023
egyptian,997,CNN,2023
muslim,910,CNN,2023
sean,889,CNN,2023
creepy,868,CNN,2023
asian,858,CNN,2023
north korean,674,CNN,2023
indian,644,CNN,2023
islamic,602,CNN,2023
japanese,583,CNN,2023
italian,582,CNN,2023
iranians,556,CNN,2023
australian,555,CNN,2023
sudanese,496,CNN,2023
soviet,484,CNN,2023
lebanese,478,CNN,2023
saudi,471,CNN,2023
cyp3a4,469,CNN,2023
african american,468,CNN,2023
jean,453,CNN,2023
egyptians,450,CNN,2023
muslims,437,CNN,2023
syrian,435,CNN,2023
american,28028,FoxNews,2015
republican,17663,FoxNews,2015
republicans,16505,FoxNews,2015
americans,16362,FoxNews,2015
democrats,11114,FoxNews,2015
islamic,7146,FoxNews,2015
muslim,5342,FoxNews,2015
french,5076,FoxNews,2015
russian,4284,FoxNews,2015
muslims,4233,FoxNews,2015
christians,3584,FoxNews,2015
iranian,3382,FoxNews,2015
democrat,3346,FoxNews,2015
iraqi,3075,FoxNews,2015
sean,3073,FoxNews,2015
syrian,2937,FoxNews,2015
christian,2810,FoxNews,2015
iranians,2685,FoxNews,2015
democratic,2487,FoxNews,2015
islam,2279,FoxNews,2015
russians,2113,FoxNews,2015
israeli,2003,FoxNews,2015
chinese,1729,FoxNews,2015
british,1698,FoxNews,2015
arab,1462,FoxNews,2015
jewish,1289,FoxNews,2015
african-american,1271,FoxNews,2015
german,1267,FoxNews,2015
european,1242,FoxNews,2015
jordanian,1117,FoxNews,2015
mexican,1102,FoxNews,2015
jews,875,FoxNews,2015
hispanic,875,FoxNews,2015
greek,862,FoxNews,2015
cuban,856,FoxNews,2015
afghan,843,FoxNews,2015
israelis,818,FoxNews,2015
iraqis,808,FoxNews,2015
palestinian,777,FoxNews,2015
japanese,774,FoxNews,2015
egyptian,745,FoxNews,2015
experian,722,FoxNews,2015
sunni,712,FoxNews,2015
canadian,632,FoxNews,2015
italian,593,FoxNews,2015
african-americans,562,FoxNews,2015
kurds,560,FoxNews,2015
jihadist,533,FoxNews,2015
kurdish,509,FoxNews,2015
palestinians,498,FoxNews,2015
democrats,82656,FoxNews,2019
american,41749,FoxNews,2019
republicans,25603,FoxNews,2019
americans,19225,FoxNews,2019
sean,16511,FoxNews,2019
republican,15576,FoxNews,2019
democrat,14003,FoxNews,2019
democratic,9837,FoxNews,2019
russian,9205,FoxNews,2019
chinese,6908,FoxNews,2019
russians,4487,FoxNews,2019
iranian,4044,FoxNews,2019
british,2914,FoxNews,2019
mexican,2476,FoxNews,2019
jewish,2292,FoxNews,2019
christian,1984,FoxNews,2019
iranians,1933,FoxNews,2019
african-american,1875,FoxNews,2019
israeli,1577,FoxNews,2019
french,1540,FoxNews,2019
european,1506,FoxNews,2019
north korean,1484,FoxNews,2019
kurds,1350,FoxNews,2019
christians,1240,FoxNews,2019
jews,1237,FoxNews,2019
islamic,1175,FoxNews,2019
saudi,1045,FoxNews,2019
syrian,1032,FoxNews,2019
african-americans,1021,FoxNews,2019
hispanic,1010,FoxNews,2019
kurdish,1005,FoxNews,2019
muslim,988,FoxNews,2019
ukrainian,892,FoxNews,2019
creepy,853,FoxNews,2019
turkish,751,FoxNews,2019
catholic,727,FoxNews,2019
japanese,685,FoxNews,2019
socialists,675,FoxNews,2019
afghan,666,FoxNews,2019
dems,656,FoxNews,2019
canadian,655,FoxNews,2019
spanish,638,FoxNews,2019
indian,602,FoxNews,2019
europeans,592,FoxNews,2019
muslims,592,FoxNews,2019
iraqi,578,FoxNews,2019
italian,574,FoxNews,2019
soviet,565,FoxNews,2019
north koreans,555,FoxNews,2019
palestinians,552,FoxNews,2019
democrats,49019,FoxNews,2022
american,46009,FoxNews,2022
republicans,36039,FoxNews,2022
russian,35235,FoxNews,2022
americans,32594,FoxNews,2022
republican,23797,FoxNews,2022
democrat,14238,FoxNews,2022
sean,13576,FoxNews,2022
russians,11506,FoxNews,2022
chinese,9243,FoxNews,2022
democratic,4635,FoxNews,2022
hispanic,2736,FoxNews,2022
european,2452,FoxNews,2022
british,2397,FoxNews,2022
jewish,2140,FoxNews,2022
mexican,2122,FoxNews,2022
christian,1760,FoxNews,2022
french,1514,FoxNews,2022
canadian,1503,FoxNews,2022
ukrainian,1413,FoxNews,2022
polish,1226,FoxNews,2022
iranian,1226,FoxNews,2022
christians,1191,FoxNews,2022
soviet,1086,FoxNews,2022
statin,1033,FoxNews,2022
jews,977,FoxNews,2022
hispanics,965,FoxNews,2022
communist,936,FoxNews,2022
hawaiian,921,FoxNews,2022
german,811,FoxNews,2022
asian,772,FoxNews,2022
europeans,741,FoxNews,2022
cyp3a4,740,FoxNews,2022
afghan,734,FoxNews,2022
iranians,718,FoxNews,2022
saudi,701,FoxNews,2022
catholic,611,FoxNews,2022
italian,592,FoxNews,2022
ian,573,FoxNews,2022
african-american,552,FoxNews,2022
japanese,522,FoxNews,2022
african,510,FoxNews,2022
australian,504,FoxNews,2022
dems,500,FoxNews,2022
californians,461,FoxNews,2022
germans,456,FoxNews,2022
creepy,453,FoxNews,2022
israeli,420,FoxNews,2022
spanish,408,FoxNews,2022
indian,371,FoxNews,2022
american,49026,FoxNews,2021
democrats,48535,FoxNews,2021
americans,41576,FoxNews,2021
republicans,31157,FoxNews,2021
republican,20893,FoxNews,2021
sean,17909,FoxNews,2021
democrat,11937,FoxNews,2021
chinese,8364,FoxNews,2021
afghan,7263,FoxNews,2021
democratic,4847,FoxNews,2021
russian,4500,FoxNews,2021
afghans,3003,FoxNews,2021
mexican,1960,FoxNews,2021
french,1707,FoxNews,2021
jewish,1616,FoxNews,2021
israeli,1444,FoxNews,2021
jews,1397,FoxNews,2021
british,1364,FoxNews,2021
hispanic,1306,FoxNews,2021
iranian,1284,FoxNews,2021
russians,1284,FoxNews,2021
cuban,1270,FoxNews,2021
asian,1267,FoxNews,2021
marxist,1253,FoxNews,2021
christian,1204,FoxNews,2021
christians,1162,FoxNews,2021
african-american,1160,FoxNews,2021
communist,1033,FoxNews,2021
hawaiian,979,FoxNews,2021
european,941,FoxNews,2021
african-americans,792,FoxNews,2021
islamic,732,FoxNews,2021
texans,731,FoxNews,2021
palestinians,680,FoxNews,2021
palestinian,668,FoxNews,2021
catholic,663,FoxNews,2021
iranians,662,FoxNews,2021
haitian,654,FoxNews,2021
spanish,623,FoxNews,2021
israelis,602,FoxNews,2021
african,559,FoxNews,2021
muslim,527,FoxNews,2021
creepy,504,FoxNews,2021
canadian,497,FoxNews,2021
italian,487,FoxNews,2021
german,485,FoxNews,2021
soviet,448,FoxNews,2021
anti-american,423,FoxNews,2021
cubans,420,FoxNews,2021
hispanics,417,FoxNews,2021
american,46880,FoxNews,2023
democrats,33092,FoxNews,2023
republicans,32380,FoxNews,2023
americans,31151,FoxNews,2023
republican,22614,FoxNews,2023
chinese,15980,FoxNews,2023
sean,13031,FoxNews,2023
israeli,12409,FoxNews,2023
democrat,10857,FoxNews,2023
russian,8509,FoxNews,2023
jewish,6572,FoxNews,2023
israelis,5913,FoxNews,2023
palestinian,4442,FoxNews,2023
democratic,3673,FoxNews,2023
jews,3618,FoxNews,2023
palestinians,3426,FoxNews,2023
iranian,3257,FoxNews,2023
mexican,2934,FoxNews,2023
christian,2767,FoxNews,2023
russians,2700,FoxNews,2023
christians,1866,FoxNews,2023
creepy,1676,FoxNews,2023
french,1421,FoxNews,2023
iranians,1316,FoxNews,2023
british,1223,FoxNews,2023
arab,1217,FoxNews,2023
canadian,1147,FoxNews,2023
muslim,1108,FoxNews,2023
communist,1060,FoxNews,2023
hispanic,982,FoxNews,2023
asian,922,FoxNews,2023
pro-palestinian,920,FoxNews,2023
islamic,890,FoxNews,2023
european,879,FoxNews,2023
hawaiian,781,FoxNews,2023
soviet,678,FoxNews,2023
catholic,661,FoxNews,2023
african-american,659,FoxNews,2023
african,618,FoxNews,2023
german,584,FoxNews,2023
marxist,548,FoxNews,2023
jean,518,FoxNews,2023
saudi,505,FoxNews,2023
indian,500,FoxNews,2023
afghan,495,FoxNews,2023
japanese,492,FoxNews,2023
italian,488,FoxNews,2023
muslims,454,FoxNews,2023
australian,409,FoxNews,2023
african-americans,408,FoxNews,2023
american,20457,FoxNews,2024
democrats,18429,FoxNews,2024
americans,14038,FoxNews,2024
republicans,13228,FoxNews,2024
republican,10588,FoxNews,2024
democrat,6152,FoxNews,2024
sean,5620,FoxNews,2024
jewish,4338,FoxNews,2024
israeli,4092,FoxNews,2024
chinese,3785,FoxNews,2024
iranian,2758,FoxNews,2024
russian,2508,FoxNews,2024
israelis,2059,FoxNews,2024
jews,1911,FoxNews,2024
palestinian,1911,FoxNews,2024
democratic,1573,FoxNews,2024
creepy,1299,FoxNews,2024
palestinians,1299,FoxNews,2024
hispanic,1242,FoxNews,2024
christian,1078,FoxNews,2024
christians,954,FoxNews,2024
iranians,887,FoxNews,2024
french,769,FoxNews,2024
mexican,692,FoxNews,2024
pro-palestinian,667,FoxNews,2024
arab,615,FoxNews,2024
british,595,FoxNews,2024
russians,588,FoxNews,2024
hispanics,462,FoxNews,2024
islamic,460,FoxNews,2024
muslim,406,FoxNews,2024
european,379,FoxNews,2024
african-american,353,FoxNews,2024
dems,348,FoxNews,2024
italian,336,FoxNews,2024
african-americans,335,FoxNews,2024
marxist,313,FoxNews,2024
spanish,302,FoxNews,2024
willis,291,FoxNews,2024
soviet,291,FoxNews,2024
asian,291,FoxNews,2024
african,281,FoxNews,2024
german,281,FoxNews,2024
catholic,272,FoxNews,2024
anti-american,243,FoxNews,2024
haitian,241,FoxNews,2024
communist,237,FoxNews,2024
r.,232,FoxNews,2024
irish,232,FoxNews,2024
japanese,218,FoxNews,2024
american,29904,FoxNews,2016
republican,29364,FoxNews,2016
republicans,24569,FoxNews,2016
democrats,22386,FoxNews,2016
americans,18518,FoxNews,2016
democrat,6177,FoxNews,2016
islamic,4936,FoxNews,2016
democratic,4763,FoxNews,2016
russian,4619,FoxNews,2016
sean,4596,FoxNews,2016
muslim,3948,FoxNews,2016
african-american,3758,FoxNews,2016
muslims,3058,FoxNews,2016
russians,2985,FoxNews,2016
hispanic,2275,FoxNews,2016
syrian,2256,FoxNews,2016
african-americans,2050,FoxNews,2016
mexican,2005,FoxNews,2016
british,1868,FoxNews,2016
iranian,1854,FoxNews,2016
european,1819,FoxNews,2016
chinese,1756,FoxNews,2016
iraqi,1700,FoxNews,2016
french,1684,FoxNews,2016
christian,1611,FoxNews,2016
christians,1237,FoxNews,2016
iranians,1222,FoxNews,2016
islam,1215,FoxNews,2016
cuban,1177,FoxNews,2016
german,1128,FoxNews,2016
israeli,1102,FoxNews,2016
italian,1095,FoxNews,2016
hispanics,1045,FoxNews,2016
african,879,FoxNews,2016
jewish,755,FoxNews,2016
egyptian,671,FoxNews,2016
canadian,584,FoxNews,2016
jews,562,FoxNews,2016
spanish,560,FoxNews,2016
afghan,548,FoxNews,2016
asian,514,FoxNews,2016
japanese,512,FoxNews,2016
catholic,505,FoxNews,2016
arab,503,FoxNews,2016
palestinians,501,FoxNews,2016
turkish,490,FoxNews,2016
belgian,478,FoxNews,2016
palestinian,466,FoxNews,2016
kurdish,458,FoxNews,2016
israelis,455,FoxNews,2016
american,31738,FoxNews,2012
republicans,23261,FoxNews,2012
americans,21562,FoxNews,2012
republican,18729,FoxNews,2012
democrats,17606,FoxNews,2012
sean,12252,FoxNews,2012
democrat,4855,FoxNews,2012
muslim,3884,FoxNews,2012
syrian,3595,FoxNews,2012
afghan,3230,FoxNews,2012
iranian,2947,FoxNews,2012
democratic,2460,FoxNews,2012
israeli,2420,FoxNews,2012
christian,2401,FoxNews,2012
chinese,2170,FoxNews,2012
iranians,2051,FoxNews,2012
hispanic,2000,FoxNews,2012
catholic,1955,FoxNews,2012
british,1934,FoxNews,2012
french,1820,FoxNews,2012
european,1461,FoxNews,2012
arab,1424,FoxNews,2012
russian,1350,FoxNews,2012
israelis,1336,FoxNews,2012
islamic,1225,FoxNews,2012
african-american,1178,FoxNews,2012
jewish,1167,FoxNews,2012
german,1147,FoxNews,2012
muslims,1129,FoxNews,2012
egyptian,1126,FoxNews,2012
mexican,1064,FoxNews,2012
christians,1031,FoxNews,2012
russians,922,FoxNews,2012
italian,902,FoxNews,2012
libyan,818,FoxNews,2012
pakistani,782,FoxNews,2012
japanese,749,FoxNews,2012
afghans,726,FoxNews,2012
spanish,724,FoxNews,2012
hispanics,678,FoxNews,2012
african-americans,611,FoxNews,2012
canadian,595,FoxNews,2012
anti-american,579,FoxNews,2012
greek,576,FoxNews,2012
islam,530,FoxNews,2012
juliet,475,FoxNews,2012
catholics,447,FoxNews,2012
palestinian,413,FoxNews,2012
indian,381,FoxNews,2012
syrians,372,FoxNews,2012
american,31750,FoxNews,2013
republicans,28909,FoxNews,2013
americans,25710,FoxNews,2013
democrats,17497,FoxNews,2013
republican,13488,FoxNews,2013
sean,9954,FoxNews,2013
muslim,4477,FoxNews,2013
democrat,4183,FoxNews,2013
syrian,3424,FoxNews,2013
russian,2761,FoxNews,2013
democratic,2619,FoxNews,2013
british,2496,FoxNews,2013
chinese,2435,FoxNews,2013
christian,2430,FoxNews,2013
french,2151,FoxNews,2013
russians,2070,FoxNews,2013
iranian,1819,FoxNews,2013
israeli,1621,FoxNews,2013
christians,1472,FoxNews,2013
islamic,1432,FoxNews,2013
german,1383,FoxNews,2013
iranians,1332,FoxNews,2013
egyptian,1278,FoxNews,2013
african-american,1256,FoxNews,2013
muslims,1150,FoxNews,2013
hispanic,1116,FoxNews,2013
israelis,1060,FoxNews,2013
afghan,1036,FoxNews,2013
arab,898,FoxNews,2013
north korean,836,FoxNews,2013
italian,831,FoxNews,2013
jewish,770,FoxNews,2013
mexican,763,FoxNews,2013
japanese,749,FoxNews,2013
syrians,721,FoxNews,2013
greek,681,FoxNews,2013
european,681,FoxNews,2013
catholic,629,FoxNews,2013
african-americans,628,FoxNews,2013
islam,624,FoxNews,2013
canadian,605,FoxNews,2013
islamist,550,FoxNews,2013
libyan,544,FoxNews,2013
creepy,487,FoxNews,2013
palestinian,485,FoxNews,2013
african,481,FoxNews,2013
korean,461,FoxNews,2013
spanish,435,FoxNews,2013
north koreans,433,FoxNews,2013
palestinians,433,FoxNews,2013
democrats,43491,FoxNews,2017
american,40570,FoxNews,2017
republicans,36615,FoxNews,2017
republican,21376,FoxNews,2017
sean,20654,FoxNews,2017
americans,19059,FoxNews,2017
russian,18185,FoxNews,2017
russians,9508,FoxNews,2017
democrat,8361,FoxNews,2017
chinese,4920,FoxNews,2017
democratic,4362,FoxNews,2017
muslim,4074,FoxNews,2017
north korean,3334,FoxNews,2017
islamic,3065,FoxNews,2017
british,2630,FoxNews,2017
syrian,2335,FoxNews,2017
french,1933,FoxNews,2017
muslims,1906,FoxNews,2017
iranian,1732,FoxNews,2017
christian,1492,FoxNews,2017
israeli,1378,FoxNews,2017
european,1239,FoxNews,2017
north koreans,1237,FoxNews,2017
iraqi,1155,FoxNews,2017
iranians,1154,FoxNews,2017
christians,1153,FoxNews,2017
mexican,1150,FoxNews,2017
korean,1113,FoxNews,2017
japanese,1103,FoxNews,2017
afghan,989,FoxNews,2017
arab,984,FoxNews,2017
palestinians,973,FoxNews,2017
german,889,FoxNews,2017
jewish,881,FoxNews,2017
koreans,850,FoxNews,2017
south korean,827,FoxNews,2017
african-american,798,FoxNews,2017
palestinian,795,FoxNews,2017
islam,750,FoxNews,2017
cuban,739,FoxNews,2017
canadian,697,FoxNews,2017
israelis,686,FoxNews,2017
hispanic,650,FoxNews,2017
spanish,572,FoxNews,2017
texans,549,FoxNews,2017
italian,525,FoxNews,2017
saudi,492,FoxNews,2017
asian,454,FoxNews,2017
australian,421,FoxNews,2017
african,403,FoxNews,2017
democrats,56452,FoxNews,2020
american,52571,FoxNews,2020
americans,38180,FoxNews,2020
republicans,27715,FoxNews,2020
republican,19676,FoxNews,2020
sean,18676,FoxNews,2020
democrat,13343,FoxNews,2020
chinese,12162,FoxNews,2020
democratic,8150,FoxNews,2020
russian,6588,FoxNews,2020
iranian,4110,FoxNews,2020
african-american,3906,FoxNews,2020
hispanic,2175,FoxNews,2020
russians,2167,FoxNews,2020
african-americans,2086,FoxNews,2020
iranians,1746,FoxNews,2020
british,1429,FoxNews,2020
jewish,1249,FoxNews,2020
jews,1205,FoxNews,2020
christian,1135,FoxNews,2020
iraqi,1132,FoxNews,2020
christians,1113,FoxNews,2020
french,988,FoxNews,2020
catholic,971,FoxNews,2020
european,956,FoxNews,2020
israeli,908,FoxNews,2020
african,824,FoxNews,2020
afghan,759,FoxNews,2020
communist,744,FoxNews,2020
arab,666,FoxNews,2020
spanish,641,FoxNews,2020
palestinians,636,FoxNews,2020
hispanics,629,FoxNews,2020
marxist,557,FoxNews,2020
socialists,530,FoxNews,2020
indian,526,FoxNews,2020
asian,501,FoxNews,2020
hawaiian,482,FoxNews,2020
soviet,433,FoxNews,2020
islamic,432,FoxNews,2020
israelis,430,FoxNews,2020
mexican,427,FoxNews,2020
cuban,427,FoxNews,2020
muslim,419,FoxNews,2020
palestinian,419,FoxNews,2020
italian,418,FoxNews,2020
dems,414,FoxNews,2020
adrian,413,FoxNews,2020
japanese,411,FoxNews,2020
german,402,FoxNews,2020
democrats,67615,FoxNews,2018
american,38844,FoxNews,2018
republicans,38420,FoxNews,2018
republican,24450,FoxNews,2018
sean,19636,FoxNews,2018
americans,17841,FoxNews,2018
russian,15618,FoxNews,2018
democrat,13414,FoxNews,2018
russians,8015,FoxNews,2018
democratic,7034,FoxNews,2018
chinese,4922,FoxNews,2018
north korean,4034,FoxNews,2018
iranian,3073,FoxNews,2018
french,2256,FoxNews,2018
british,2182,FoxNews,2018
european,2021,FoxNews,2018
mexican,1955,FoxNews,2018
syrian,1920,FoxNews,2018
saudi,1915,FoxNews,2018
israeli,1791,FoxNews,2018
korean,1690,FoxNews,2018
christian,1585,FoxNews,2018
north koreans,1579,FoxNews,2018
african-american,1396,FoxNews,2018
iranians,1389,FoxNews,2018
jewish,1306,FoxNews,2018
south korean,1266,FoxNews,2018
hispanic,1204,FoxNews,2018
koreans,1179,FoxNews,2018
palestinians,965,FoxNews,2018
muslim,891,FoxNews,2018
african-americans,826,FoxNews,2018
europeans,826,FoxNews,2018
german,825,FoxNews,2018
christians,812,FoxNews,2018
canadian,767,FoxNews,2018
japanese,704,FoxNews,2018
jews,688,FoxNews,2018
islamic,686,FoxNews,2018
turkish,644,FoxNews,2018
israelis,621,FoxNews,2018
italian,619,FoxNews,2018
asian,578,FoxNews,2018
dems,568,FoxNews,2018
palestinian,541,FoxNews,2018
afghan,501,FoxNews,2018
soviet,478,FoxNews,2018
creepy,463,FoxNews,2018
african,434,FoxNews,2018
south koreans,396,FoxNews,2018
american,34057,FoxNews,2014
republicans,24673,FoxNews,2014
americans,23372,FoxNews,2014
democrats,21443,FoxNews,2014
republican,14259,FoxNews,2014
russian,8410,FoxNews,2014
democrat,5329,FoxNews,2014
islamic,5209,FoxNews,2014
iraqi,4486,FoxNews,2014
israeli,3860,FoxNews,2014
sean,3840,FoxNews,2014
malaysian,3430,FoxNews,2014
muslim,3246,FoxNews,2014
russians,2864,FoxNews,2014
democratic,2854,FoxNews,2014
british,2672,FoxNews,2014
chinese,2550,FoxNews,2014
syrian,2547,FoxNews,2014
christian,2451,FoxNews,2014
christians,2236,FoxNews,2014
mexican,2219,FoxNews,2014
islam,1805,FoxNews,2014
muslims,1769,FoxNews,2014
indian,1684,FoxNews,2014
european,1560,FoxNews,2014
israelis,1453,FoxNews,2014
palestinian,1448,FoxNews,2014
arab,1435,FoxNews,2014
palestinians,1414,FoxNews,2014
kurdish,1388,FoxNews,2014
french,1374,FoxNews,2014
african-american,1366,FoxNews,2014
afghan,1248,FoxNews,2014
iraqis,1234,FoxNews,2014
iranian,1159,FoxNews,2014
sunni,1158,FoxNews,2014
jewish,1048,FoxNews,2014
kurds,1024,FoxNews,2014
canadian,1020,FoxNews,2014
australian,971,FoxNews,2014
iranians,969,FoxNews,2014
german,933,FoxNews,2014
hispanic,889,FoxNews,2014
pro-russian,795,FoxNews,2014
europeans,791,FoxNews,2014
cuban,767,FoxNews,2014
italian,746,FoxNews,2014
african-americans,706,FoxNews,2014
jews,676,FoxNews,2014
creepy,662,FoxNews,2014
